id,name,gender,age,degree,stream,college_name,placement_status,salary,gpa,years_of_experience,date
1,John Doe,Male,25,Bachelor's,Computer Science,Harvard University,Placed,60000,3.7,2,04-03-2023
2,Jane Smith,Female,24,Bachelor's,Electrical Engineering,Massachusetts Institute of Technology,Placed,65000,3.6,1,23-06-2023
3,Michael Johnson,Male,26,Bachelor's,Mechanical Engineering,Stanford University,Placed,58000,3.8,3,25-02-2023
4,Emily Davis,Female,23,Bachelor's,Information Technology,Yale University,Not Placed,0,3.5,2,05-10-2023
5,David Brown,Male,24,Bachelor's,Computer Science,Princeton University,Placed,62000,3.9,2,23-05-2023
6,Sarah Wilson,Female,25,Bachelor's,Electronics and Communication,Columbia University,Placed,63000,3.7,1,22-08-2023
7,James Martinez,Male,26,Bachelor's,Information Technology,California Institute of Technology,Placed,59000,3.8,3,04-03-2023
8,Emma Garcia,Female,24,Bachelor's,Computer Science,University of Chicago,Not Placed,0,3.6,2,23-06-2023
9,Alexander Taylor,Male,25,Bachelor's,Electrical Engineering,University of Pennsylvania,Placed,64000,3.7,2,25-02-2023
10,Samantha Anderson,Female,23,Bachelor's,Mechanical Engineering,Northwestern University,Placed,57000,3.5,1,05-10-2023
11,William Hernandez,Male,24,Bachelor's,Computer Science,Duke University,Placed,61000,3.9,2,23-05-2023
12,Ava Lopez,Female,25,Bachelor's,Electronics and Communication,Johns Hopkins University,Not Placed,0,3.8,3,22-08-2023
13,Daniel Martinez,Male,26,Bachelor's,Information Technology,University of California--Berkeley,Placed,63000,3.7,2,04-03-2023
14,Mia Gonzalez,Female,24,Bachelor's,Computer Science,University of Michigan--Ann Arbor,Placed,64000,3.6,1,23-06-2023
15,Alexander Rodriguez,Male,23,Bachelor's,Electrical Engineering,University of California--Los Angeles,Placed,66000,3.8,3,25-02-2023
16,Isabella Perez,Female,25,Bachelor's,Mechanical Engineering,University of Virginia,Not Placed,0,3.7,2,05-10-2023
17,Ethan Turner,Male,26,Bachelor's,Computer Science,University of Wisconsin--Madison,Placed,61000,3.9,2,23-05-2023
18,Olivia Moore,Female,24,Bachelor's,Electronics and Communication,University of Illinois--Urbana-Champaign,Placed,62000,3.8,1,22-08-2023
19,Mason Parker,Male,23,Bachelor's,Information Technology,University of North Carolina--Chapel Hill,Placed,59000,3.7,2,04-03-2023
20,Amelia Rivera,Female,25,Bachelor's,Computer Science,University of Washington,Placed,65000,3.6,1,23-06-2023
21,Lucas Reed,Male,24,Bachelor's,Electrical Engineering,University of California--San Diego,Placed,67000,3.5,3,25-02-2023
22,Elizabeth Wood,Female,26,Bachelor's,Mechanical Engineering,University of Texas--Austin,Not Placed,0,3.8,3,05-10-2023
23,Aiden Ward,Male,23,Bachelor's,Computer Science,University of California--Santa Barbara,Placed,60000,3.7,2,23-05-2023
24,Charlotte Ross,Female,25,Bachelor's,Electronics and Communication,University of Southern California,Placed,63000,3.6,1,22-08-2023
25,Owen Brooks,Male,26,Bachelor's,Information Technology,University of Florida,Placed,60000,3.9,2,04-03-2023
26,Grace Watson,Female,24,Bachelor's,Computer Science,University of Minnesota--Twin Cities,Not Placed,0,3.8,3,23-06-2023
27,Jack Bailey,Male,23,Bachelor's,Electrical Engineering,University of Maryland--College Park,Placed,64000,3.7,2,25-02-2023
28,Natalie Murphy,Female,25,Bachelor's,Mechanical Engineering,University of California--Davis,Placed,66000,3.5,1,05-10-2023
29,Liam Russell,Male,24,Bachelor's,Computer Science,University of Pittsburgh,Placed,59000,3.7,2,23-05-2023
30,Chloe Peterson,Female,26,Bachelor's,Electronics and Communication,University of Colorado--Boulder,Placed,62000,3.6,1,22-08-2023
31,Elijah Kelly,Male,23,Bachelor's,Information Technology,University of Rochester,Placed,61000,3.9,2,04-03-2023
32,Anna Cooper,Female,25,Bachelor's,Computer Science,Boston College,Not Placed,0,3.8,3,23-06-2023
33,Lucas Reed,Male,26,Bachelor's,Electrical Engineering,Rice University,Placed,65000,3.5,3,25-02-2023
34,Sophia Price,Female,24,Bachelor's,Electronics and Communication,University of California--Irvine,Placed,64000,3.6,1,05-10-2023
35,Mason Parker,Male,23,Bachelor's,Information Technology,Georgetown University,Placed,67000,3.7,2,23-05-2023
36,Olivia Moore,Female,25,Bachelor's,Computer Science,University of Georgia,Not Placed,0,3.6,1,22-08-2023
37,William Hernandez,Male,24,Bachelor's,Information Technology,University of Notre Dame,Placed,63000,3.7,2,04-03-2023
38,Amelia Rivera,Female,26,Bachelor's,Computer Science,University of Iowa,Placed,62000,3.8,3,23-06-2023
39,Ethan Turner,Male,23,Bachelor's,Electrical Engineering,University of California--Santa Cruz,Placed,60000,3.7,2,25-02-2023
40,Isabella Perez,Female,25,Bachelor's,Mechanical Engineering,University of Connecticut,Placed,61000,3.5,1,05-10-2023
41,Daniel Martinez,Male,24,Bachelor's,Computer Science,University of California--Riverside,Not Placed,0,3.9,2,23-05-2023
42,Mia Gonzalez,Female,26,Bachelor's,Electronics and Communication,University of Delaware,Placed,65000,3.7,1,22-08-2023
43,Alexander Rodriguez,Male,23,Bachelor's,Information Technology,University of California--San Francisco,Placed,66000,3.8,3,04-03-2023
44,Olivia Moore,Female,25,Bachelor's,Computer Science,University of Texas--Dallas,Placed,63000,3.6,1,23-06-2023
45,Jack Bailey,Male,26,Bachelor's,Electrical Engineering,University of Virginia,Placed,64000,3.9,2,25-02-2023
46,Charlotte Ross,Female,24,Bachelor's,Mechanical Engineering,University of California--Santa Cruz,Not Placed,0,3.4,1,05-10-2023
47,Owen Brooks,Male,23,Bachelor's,Computer Science,University of California--San Diego,Placed,65000,3.7,2,23-05-2023
48,Grace Watson,Female,25,Bachelor's,Electronics and Communication,University of Texas--Austin,Placed,66000,3.8,3,22-08-2023
49,Liam Russell,Male,26,Bachelor's,Information Technology,University of California--Los Angeles,Placed,67000,3.9,3,04-03-2023
50,Chloe Peterson,Female,24,Bachelor's,Computer Science,University of Michigan--Ann Arbor,Placed,68000,3.9,3,23-06-2023
51,Elijah Kelly,Male,23,Bachelor's,Electrical Engineering,University of Pennsylvania,Not Placed,0,3.7,2,25-02-2023
52,Anna Cooper,Female,25,Bachelor's,Mechanical Engineering,University of Washington,Placed,67000,3.8,3,05-10-2023
53,Lucas Reed,Male,26,Bachelor's,Computer Science,University of California--Berkeley,Placed,66000,3.9,3,23-05-2023
54,Sophia Price,Female,24,Bachelor's,Electronics and Communication,University of Illinois--Urbana-Champaign,Placed,65000,3.8,3,22-08-2023
55,Mason Parker,Male,23,Bachelor's,Information Technology,University of Colorado--Boulder,Placed,66000,3.7,2,04-03-2023
56,Olivia Moore,Female,25,Bachelor's,Computer Science,University of North Carolina--Chapel Hill,Not Placed,0,3.6,1,23-06-2023
57,William Hernandez,Male,24,Bachelor's,Information Technology,University of Maryland--College Park,Placed,63000,3.7,2,25-02-2023
58,Amelia Rivera,Female,26,Bachelor's,Computer Science,University of Rochester,Placed,62000,3.8,3,05-10-2023
59,Ethan Turner,Male,23,Bachelor's,Electrical Engineering,University of California--Santa Cruz,Placed,60000,3.7,2,23-05-2023
60,Isabella Perez,Female,25,Bachelor's,Mechanical Engineering,University of Connecticut,Placed,61000,3.5,1,22-08-2023
61,Daniel Martinez,Male,24,Bachelor's,Computer Science,University of California--Riverside,Not Placed,0,3.9,2,04-03-2023
62,Mia Gonzalez,Female,26,Bachelor's,Electronics and Communication,University of Delaware,Placed,65000,3.7,1,23-06-2023
63,Alexander Rodriguez,Male,23,Bachelor's,Information Technology,University of California--San Francisco,Placed,66000,3.8,3,25-02-2023
64,Olivia Moore,Female,25,Bachelor's,Computer Science,University of Texas--Dallas,Placed,63000,3.6,1,05-10-2023
65,Jack Bailey,Male,26,Bachelor's,Electrical Engineering,University of Virginia,Placed,64000,3.9,2,23-05-2023
66,Charlotte Ross,Female,24,Bachelor's,Mechanical Engineering,University of California--Santa Cruz,Not Placed,0,3.4,1,22-08-2023
67,Owen Brooks,Male,23,Bachelor's,Computer Science,University of California--San Diego,Placed,65000,3.7,2,04-03-2023
68,Grace Watson,Female,25,Bachelor's,Electronics and Communication,University of Texas--Austin,Placed,66000,3.8,3,23-06-2023
69,Liam Russell,Male,26,Bachelor's,Information Technology,University of California--Los Angeles,Placed,67000,3.9,3,25-02-2023
70,Chloe Peterson,Female,24,Bachelor's,Computer Science,University of Michigan--Ann Arbor,Placed,68000,3.9,3,05-10-2023
71,Elijah Kelly,Male,23,Bachelor's,Electrical Engineering,University of Pennsylvania,Not Placed,0,3.7,2,23-05-2023
72,Anna Cooper,Female,25,Bachelor's,Mechanical Engineering,University of Washington,Placed,67000,3.8,3,22-08-2023
73,Lucas Reed,Male,26,Bachelor's,Computer Science,University of California--Berkeley,Placed,66000,3.9,3,04-03-2023
74,Sophia Price,Female,24,Bachelor's,Electronics and Communication,University of Illinois--Urbana-Champaign,Placed,65000,3.8,3,23-06-2023
75,Mason Parker,Male,23,Bachelor's,Information Technology,University of Colorado--Boulder,Placed,66000,3.7,2,25-02-2023
76,Olivia Moore,Female,25,Bachelor's,Computer Science,University of North Carolina--Chapel Hill,Not Placed,0,3.6,1,05-10-2023
77,William Hernandez,Male,24,Bachelor's,Information Technology,University of Maryland--College Park,Placed,63000,3.7,2,23-05-2023
78,Amelia Rivera,Female,26,Bachelor's,Computer Science,University of Rochester,Placed,62000,3.8,3,22-08-2023
79,Ethan Turner,Male,23,Bachelor's,Electrical Engineering,University of California--Santa Cruz,Placed,60000,3.7,2,04-03-2023
80,Isabella Perez,Female,25,Bachelor's,Mechanical Engineering,University of Connecticut,Placed,61000,3.5,1,23-06-2023
81,Daniel Martinez,Male,24,Bachelor's,Computer Science,University of California--Riverside,Not Placed,0,3.9,2,25-02-2023
82,Mia Gonzalez,Female,26,Bachelor's,Electronics and Communication,University of Delaware,Placed,65000,3.7,1,05-10-2023
83,Alexander Rodriguez,Male,23,Bachelor's,Information Technology,University of California--San Francisco,Placed,66000,3.8,3,23-05-2023
84,Olivia Moore,Female,25,Bachelor's,Computer Science,University of Texas--Dallas,Placed,63000,3.6,1,22-08-2023
85,Jack Bailey,Male,26,Bachelor's,Electrical Engineering,University of Virginia,Placed,64000,3.9,2,04-03-2023
86,Charlotte Ross,Female,24,Bachelor's,Mechanical Engineering,University of California--Santa Cruz,Not Placed,0,3.4,1,23-06-2023
87,Owen Brooks,Male,23,Bachelor's,Computer Science,University of California--San Diego,Placed,65000,3.7,2,25-02-2023
88,Grace Watson,Female,25,Bachelor's,Electronics and Communication,University of Texas--Austin,Placed,66000,3.8,3,05-10-2023
89,Liam Russell,Male,26,Bachelor's,Information Technology,University of California--Los Angeles,Placed,67000,3.9,3,23-05-2023
90,Chloe Peterson,Female,24,Bachelor's,Computer Science,University of Michigan--Ann Arbor,Placed,68000,3.9,3,22-08-2023
91,Elijah Kelly,Male,23,Bachelor's,Electrical Engineering,University of Pennsylvania,Not Placed,0,3.7,2,04-03-2023
92,Anna Cooper,Female,25,Bachelor's,Mechanical Engineering,University of Washington,Placed,67000,3.8,3,23-06-2023
93,Lucas Reed,Male,26,Bachelor's,Computer Science,University of California--Berkeley,Placed,66000,3.9,3,25-02-2023
94,Sophia Price,Female,24,Bachelor's,Electronics and Communication,University of Illinois--Urbana-Champaign,Placed,65000,3.8,3,05-10-2023
95,Mason Parker,Male,23,Bachelor's,Information Technology,University of Colorado--Boulder,Placed,66000,3.7,2,23-05-2023
96,Olivia Moore,Female,25,Bachelor's,Computer Science,University of North Carolina--Chapel Hill,Not Placed,0,3.6,1,22-08-2023
97,William Hernandez,Male,24,Bachelor's,Information Technology,University of Maryland--College Park,Placed,63000,3.7,2,04-03-2023
98,Amelia Rivera,Female,26,Bachelor's,Computer Science,University of Rochester,Placed,62000,3.8,3,23-06-2023
99,Ethan Turner,Male,23,Bachelor's,Electrical Engineering,University of California--Santa Cruz,Placed,60000,3.7,2,25-02-2023
100,Isabella Perez,Female,25,Bachelor's,Mechanical Engineering,University of Connecticut,Placed,61000,3.5,1,05-10-2023
101,Daniel Martinez,Male,24,Bachelor's,Computer Science,University of California--Riverside,Not Placed,0,3.9,2,23-05-2023
102,Mia Gonzalez,Female,26,Bachelor's,Electronics and Communication,University of Delaware,Placed,65000,3.7,1,22-08-2023
103,Alexander Rodriguez,Male,23,Bachelor's,Information Technology,University of California--San Francisco,Placed,66000,3.8,3,04-03-2023
104,Olivia Moore,Female,25,Bachelor's,Computer Science,University of Texas--Dallas,Placed,63000,3.6,1,23-06-2023
105,Jack Bailey,Male,26,Bachelor's,Electrical Engineering,University of Virginia,Placed,64000,3.9,2,25-02-2023
106,Charlotte Ross,Female,24,Bachelor's,Mechanical Engineering,University of California--Santa Cruz,Not Placed,0,3.4,1,05-10-2023
107,Owen Brooks,Male,23,Bachelor's,Computer Science,University of California--San Diego,Placed,65000,3.7,2,23-05-2023
108,Grace Watson,Female,25,Bachelor's,Electronics and Communication,University of Texas--Austin,Placed,66000,3.8,3,22-08-2023
109,Liam Russell,Male,26,Bachelor's,Information Technology,University of California--Los Angeles,Placed,67000,3.9,3,04-03-2023
110,Chloe Peterson,Female,24,Bachelor's,Computer Science,University of Michigan--Ann Arbor,Placed,68000,3.9,3,23-06-2023
111,Elijah Kelly,Male,23,Bachelor's,Electrical Engineering,University of Pennsylvania,Not Placed,0,3.7,2,25-02-2023
112,Anna Cooper,Female,25,Bachelor's,Mechanical Engineering,University of Washington,Placed,67000,3.8,3,05-10-2023
113,Lucas Reed,Male,26,Bachelor's,Computer Science,University of California--Berkeley,Placed,66000,3.9,3,23-05-2023
114,Sophia Price,Female,24,Bachelor's,Electronics and Communication,University of Illinois--Urbana-Champaign,Placed,65000,3.8,3,22-08-2023
115,Mason Parker,Male,23,Bachelor's,Information Technology,University of Colorado--Boulder,Placed,66000,3.7,2,04-03-2023
116,Olivia Moore,Female,25,Bachelor's,Computer Science,University of North Carolina--Chapel Hill,Not Placed,0,3.6,1,23-06-2023
117,William Hernandez,Male,24,Bachelor's,Information Technology,University of Maryland--College Park,Placed,63000,3.7,2,25-02-2023
118,Amelia Rivera,Female,26,Bachelor's,Computer Science,University of Rochester,Placed,62000,3.8,3,05-10-2023
119,Ethan Turner,Male,23,Bachelor's,Electrical Engineering,University of California--Santa Cruz,Placed,60000,3.7,2,23-05-2023
120,Isabella Perez,Female,25,Bachelor's,Mechanical Engineering,University of Connecticut,Placed,61000,3.5,1,22-08-2023
121,Daniel Martinez,Male,24,Bachelor's,Computer Science,University of California--Riverside,Not Placed,0,3.9,2,04-03-2023
122,Mia Gonzalez,Female,26,Bachelor's,Electronics and Communication,University of Delaware,Placed,65000,3.7,1,23-06-2023
123,Alexander Rodriguez,Male,23,Bachelor's,Information Technology,University of California--San Francisco,Placed,66000,3.8,3,25-02-2023
124,Olivia Moore,Female,25,Bachelor's,Computer Science,University of Texas--Dallas,Placed,63000,3.6,1,05-10-2023
125,Jack Bailey,Male,26,Bachelor's,Electrical Engineering,University of Virginia,Placed,64000,3.9,2,23-05-2023
126,Charlotte Ross,Female,24,Bachelor's,Mechanical Engineering,University of California--Santa Cruz,Not Placed,0,3.4,1,22-08-2023
127,Owen Brooks,Male,23,Bachelor's,Computer Science,University of California--San Diego,Placed,65000,3.7,2,04-03-2023
128,Grace Watson,Female,25,Bachelor's,Electronics and Communication,University of Texas--Austin,Placed,66000,3.8,3,23-06-2023
129,Liam Russell,Male,26,Bachelor's,Information Technology,University of California--Los Angeles,Placed,67000,3.9,3,25-02-2023
130,Chloe Peterson,Female,24,Bachelor's,Computer Science,University of Michigan--Ann Arbor,Placed,68000,3.9,3,05-10-2023
131,Elijah Kelly,Male,23,Bachelor's,Electrical Engineering,University of Pennsylvania,Not Placed,0,3.7,2,23-05-2023
132,Anna Cooper,Female,25,Bachelor's,Mechanical Engineering,University of Washington,Placed,67000,3.8,3,22-08-2023
133,Lucas Reed,Male,26,Bachelor's,Computer Science,University of California--Berkeley,Placed,66000,3.9,3,04-03-2023
134,Sophia Price,Female,24,Bachelor's,Electronics and Communication,University of Illinois--Urbana-Champaign,Placed,65000,3.8,3,23-06-2023
135,Mason Parker,Male,23,Bachelor's,Information Technology,University of Colorado--Boulder,Placed,66000,3.7,2,25-02-2023
136,Olivia Moore,Female,25,Bachelor's,Computer Science,University of North Carolina--Chapel Hill,Not Placed,0,3.6,1,05-10-2023
137,William Hernandez,Male,24,Bachelor's,Information Technology,University of Maryland--College Park,Placed,63000,3.7,2,23-05-2023
138,Amelia Rivera,Female,26,Bachelor's,Computer Science,University of Rochester,Placed,62000,3.8,3,22-08-2023
139,Ethan Turner,Male,23,Bachelor's,Electrical Engineering,University of California--Santa Cruz,Placed,60000,3.7,2,04-03-2023
140,Isabella Perez,Female,25,Bachelor's,Mechanical Engineering,University of Connecticut,Placed,61000,3.5,1,23-06-2023
141,Daniel Martinez,Male,24,Bachelor's,Computer Science,University of California--Riverside,Not Placed,0,3.9,2,25-02-2023
142,Mia Gonzalez,Female,26,Bachelor's,Electronics and Communication,University of Delaware,Placed,65000,3.7,1,05-10-2023
143,Alexander Rodriguez,Male,23,Bachelor's,Information Technology,University of California--San Francisco,Placed,66000,3.8,3,23-05-2023
144,Olivia Moore,Female,25,Bachelor's,Computer Science,University of Texas--Dallas,Placed,63000,3.6,1,22-08-2023
145,Jack Bailey,Male,26,Bachelor's,Electrical Engineering,University of Virginia,Placed,64000,3.9,2,04-03-2023
146,Charlotte Ross,Female,24,Bachelor's,Mechanical Engineering,University of California--Santa Cruz,Not Placed,0,3.4,1,23-06-2023
147,Owen Brooks,Male,23,Bachelor's,Computer Science,University of California--San Diego,Placed,65000,3.7,2,25-02-2023
148,Grace Watson,Female,25,Bachelor's,Electronics and Communication,University of Texas--Austin,Placed,66000,3.8,3,05-10-2023
149,Liam Russell,Male,26,Bachelor's,Information Technology,University of California--Los Angeles,Placed,67000,3.9,3,23-05-2023
150,Chloe Peterson,Female,24,Bachelor's,Computer Science,University of Michigan--Ann Arbor,Placed,68000,3.9,3,22-08-2023
151,Elijah Kelly,Male,23,Bachelor's,Electrical Engineering,University of Pennsylvania,Not Placed,0,3.7,2,04-03-2023
152,Anna Cooper,Female,25,Bachelor's,Mechanical Engineering,University of Washington,Placed,67000,3.8,3,23-06-2023
153,Lucas Reed,Male,26,Bachelor's,Computer Science,University of California--Berkeley,Placed,66000,3.9,3,25-02-2023
154,Sophia Price,Female,24,Bachelor's,Electronics and Communication,University of Illinois--Urbana-Champaign,Placed,65000,3.8,3,05-10-2023
155,Mason Parker,Male,23,Bachelor's,Information Technology,University of Colorado--Boulder,Placed,66000,3.7,2,23-05-2023
156,Olivia Moore,Female,25,Bachelor's,Computer Science,University of North Carolina--Chapel Hill,Not Placed,0,3.6,1,22-08-2023
157,William Hernandez,Male,24,Bachelor's,Information Technology,University of Maryland--College Park,Placed,63000,3.7,2,04-03-2023
158,Amelia Rivera,Female,26,Bachelor's,Computer Science,University of Rochester,Placed,62000,3.8,3,23-06-2023
159,Ethan Turner,Male,23,Bachelor's,Electrical Engineering,University of California--Santa Cruz,Placed,60000,3.7,2,25-02-2023
160,Isabella Perez,Female,25,Bachelor's,Mechanical Engineering,University of Connecticut,Placed,61000,3.5,1,05-10-2023
161,Daniel Martinez,Male,24,Bachelor's,Computer Science,University of California--Riverside,Not Placed,0,3.9,2,23-05-2023
162,Mia Gonzalez,Female,26,Bachelor's,Electronics and Communication,University of Delaware,Placed,65000,3.7,1,22-08-2023
163,Alexander Rodriguez,Male,23,Bachelor's,Information Technology,University of California--San Francisco,Placed,66000,3.8,3,04-03-2023
164,Olivia Moore,Female,25,Bachelor's,Computer Science,University of Texas--Dallas,Placed,63000,3.6,1,23-06-2023
165,Jack Bailey,Male,26,Bachelor's,Electrical Engineering,University of Virginia,Placed,64000,3.9,2,25-02-2023
166,Charlotte Ross,Female,24,Bachelor's,Mechanical Engineering,University of California--Santa Cruz,Not Placed,0,3.4,1,05-10-2023
167,Owen Brooks,Male,23,Bachelor's,Computer Science,University of California--San Diego,Placed,65000,3.7,2,23-05-2023
168,Grace Watson,Female,25,Bachelor's,Electronics and Communication,University of Texas--Austin,Placed,66000,3.8,3,22-08-2023
169,Liam Russell,Male,26,Bachelor's,Information Technology,University of California--Los Angeles,Placed,67000,3.9,3,04-03-2023
170,Chloe Peterson,Female,24,Bachelor's,Computer Science,University of Michigan--Ann Arbor,Placed,68000,3.9,3,23-06-2023
171,Elijah Kelly,Male,23,Bachelor's,Electrical Engineering,University of Pennsylvania,Not Placed,0,3.7,2,25-02-2023
172,Anna Cooper,Female,25,Bachelor's,Mechanical Engineering,University of Washington,Placed,67000,3.8,3,05-10-2023
173,Lucas Reed,Male,26,Bachelor's,Computer Science,University of California--Berkeley,Placed,66000,3.9,3,23-05-2023
174,Sophia Price,Female,24,Bachelor's,Electronics and Communication,University of Illinois--Urbana-Champaign,Placed,65000,3.8,3,22-08-2023
175,Mason Parker,Male,23,Bachelor's,Information Technology,University of Colorado--Boulder,Placed,66000,3.7,2,04-03-2023
176,Olivia Moore,Female,25,Bachelor's,Computer Science,University of North Carolina--Chapel Hill,Not Placed,0,3.6,1,23-06-2023
177,William Hernandez,Male,24,Bachelor's,Information Technology,University of Maryland--College Park,Placed,63000,3.7,2,25-02-2023
178,Amelia Rivera,Female,26,Bachelor's,Computer Science,University of Rochester,Placed,62000,3.8,3,05-10-2023
179,Ethan Turner,Male,23,Bachelor's,Electrical Engineering,University of California--Santa Cruz,Placed,60000,3.7,2,23-05-2023
180,Isabella Perez,Female,25,Bachelor's,Mechanical Engineering,University of Connecticut,Placed,61000,3.5,1,22-08-2023
181,Daniel Martinez,Male,24,Bachelor's,Computer Science,University of California--Riverside,Not Placed,0,3.9,2,04-03-2023
182,Mia Gonzalez,Female,26,Bachelor's,Electronics and Communication,University of Delaware,Placed,65000,3.7,1,23-06-2023
183,Alexander Rodriguez,Male,23,Bachelor's,Information Technology,University of California--San Francisco,Placed,66000,3.8,3,25-02-2023
184,Olivia Moore,Female,25,Bachelor's,Computer Science,University of Texas--Dallas,Placed,63000,3.6,1,05-10-2023
185,Jack Bailey,Male,26,Bachelor's,Electrical Engineering,University of Virginia,Placed,64000,3.9,2,23-05-2023
186,Charlotte Ross,Female,24,Bachelor's,Mechanical Engineering,University of California--Santa Cruz,Not Placed,0,3.4,1,22-08-2023
187,Owen Brooks,Male,23,Bachelor's,Computer Science,University of California--San Diego,Placed,65000,3.7,2,04-03-2023
188,Grace Watson,Female,25,Bachelor's,Electronics and Communication,University of Texas--Austin,Placed,66000,3.8,3,23-06-2023
189,Emma Brown,Female,23,Bachelor's,Information Technology,University of Maryland--College Park,Placed,61000,3.7,2,25-02-2023
190,Noah Garcia,Male,24,Bachelor's,Computer Science,University of Michigan--Ann Arbor,Placed,64000,3.8,3,05-10-2023
191,Sophia Martinez,Female,25,Bachelor's,Electrical Engineering,University of California--Los Angeles,Placed,66000,3.9,3,23-05-2023
192,Liam Rodriguez,Male,26,Bachelor's,Mechanical Engineering,University of Virginia,Placed,67000,3.9,3,22-08-2023
193,Olivia Smith,Female,24,Bachelor's,Electronics and Communication,University of Texas--Austin,Placed,68000,3.9,3,04-03-2023
194,Ethan Johnson,Male,23,Bachelor's,Computer Science,University of Pennsylvania,Not Placed,0,3.7,2,23-06-2023
195,Ava Williams,Female,25,Bachelor's,Information Technology,University of Washington,Placed,67000,3.8,3,25-02-2023
196,Liam Brown,Male,26,Bachelor's,Electrical Engineering,University of California--Berkeley,Placed,66000,3.9,3,05-10-2023
197,Amelia Smith,Female,24,Bachelor's,Mechanical Engineering,University of Illinois--Urbana-Champaign,Placed,65000,3.8,3,23-05-2023
198,William Garcia,Male,23,Bachelor's,Electronics and Communication,University of Colorado--Boulder,Placed,66000,3.7,2,22-08-2023
199,Olivia Brown,Female,25,Bachelor's,Computer Science,University of North Carolina--Chapel Hill,Not Placed,0,3.6,1,04-03-2023
200,Elijah Garcia,Male,24,Bachelor's,Information Technology,University of Maryland--College Park,Placed,63000,3.7,2,23-06-2023
201,Emma Brown,Female,23,Bachelor's,Computer Science,University of Michigan--Ann Arbor,Placed,64000,3.8,3,25-02-2023
202,Noah Garcia,Male,24,Bachelor's,Electrical Engineering,University of California--Los Angeles,Placed,66000,3.9,3,05-10-2023
203,Sophia Martinez,Female,25,Bachelor's,Mechanical Engineering,University of Virginia,Placed,67000,3.9,3,23-05-2023
204,Liam Rodriguez,Male,26,Bachelor's,Electronics and Communication,University of Texas--Austin,Placed,68000,3.9,3,22-08-2023
205,Olivia Smith,Female,24,Bachelor's,Computer Science,University of Pennsylvania,Not Placed,0,3.7,2,04-03-2023
206,Ethan Johnson,Male,23,Bachelor's,Information Technology,University of Washington,Placed,67000,3.8,3,23-06-2023
207,Ava Williams,Female,25,Bachelor's,Electrical Engineering,University of California--Berkeley,Placed,66000,3.9,3,25-02-2023
208,Liam Brown,Male,26,Bachelor's,Mechanical Engineering,University of Illinois--Urbana-Champaign,Placed,65000,3.8,3,05-10-2023
209,Amelia Smith,Female,24,Bachelor's,Electronics and Communication,University of Colorado--Boulder,Placed,66000,3.7,2,23-05-2023
210,William Garcia,Male,23,Bachelor's,Computer Science,University of North Carolina--Chapel Hill,Not Placed,0,3.6,1,22-08-2023
211,Olivia Brown,Female,25,Bachelor's,Information Technology,University of Maryland--College Park,Placed,63000,3.7,2,04-03-2023
212,Elijah Garcia,Male,24,Bachelor's,Electrical Engineering,University of Michigan--Ann Arbor,Placed,64000,3.8,3,23-06-2023
213,Emma Brown,Female,23,Bachelor's,Mechanical Engineering,University of California--Los Angeles,Placed,66000,3.9,3,25-02-2023
214,Noah Garcia,Male,24,Bachelor's,Electronics and Communication,University of Virginia,Placed,67000,3.9,3,05-10-2023
215,Sophia Martinez,Female,25,Bachelor's,Computer Science,University of Texas--Austin,Placed,68000,3.9,3,23-05-2023
216,Liam Rodriguez,Male,26,Bachelor's,Information Technology,University of Pennsylvania,Not Placed,0,3.7,2,22-08-2023
217,Olivia Smith,Female,24,Bachelor's,Electrical Engineering,University of Washington,Placed,67000,3.8,3,04-03-2023
218,Ethan Johnson,Male,23,Bachelor's,Mechanical Engineering,University of California--Berkeley,Placed,66000,3.9,3,23-06-2023
219,Ava Williams,Female,25,Bachelor's,Electronics and Communication,University of Illinois--Urbana-Champaign,Placed,65000,3.8,3,25-02-2023
220,Liam Brown,Male,26,Bachelor's,Computer Science,University of Colorado--Boulder,Placed,66000,3.7,2,05-10-2023
221,Amelia Smith,Female,24,Bachelor's,Information Technology,University of North Carolina--Chapel Hill,Not Placed,0,3.6,1,23-05-2023
222,William Garcia,Male,23,Bachelor's,Electrical Engineering,University of Maryland--College Park,Placed,63000,3.7,2,22-08-2023
223,Olivia Brown,Female,25,Bachelor's,Mechanical Engineering,University of Michigan--Ann Arbor,Placed,64000,3.8,3,04-03-2023
224,Elijah Garcia,Male,24,Bachelor's,Electronics and Communication,University of California--Los Angeles,Placed,66000,3.9,3,23-06-2023
225,Emma Brown,Female,23,Bachelor's,Computer Science,University of Virginia,Placed,67000,3.9,3,25-02-2023
226,Noah Garcia,Male,24,Bachelor's,Information Technology,University of Texas--Austin,Placed,68000,3.9,3,05-10-2023
227,Sophia Martinez,Female,25,Bachelor's,Electrical Engineering,University of Pennsylvania,Not Placed,0,3.7,2,23-05-2023
228,Liam Rodriguez,Male,26,Bachelor's,Mechanical Engineering,University of Washington,Placed,67000,3.8,3,22-08-2023
229,Olivia Smith,Female,24,Bachelor's,Electronics and Communication,University of California--Berkeley,Placed,66000,3.9,3,04-03-2023
230,Ethan Johnson,Male,23,Bachelor's,Computer Science,University of Illinois--Urbana-Champaign,Placed,65000,3.8,3,23-06-2023
231,Ava Williams,Female,25,Bachelor's,Information Technology,University of Colorado--Boulder,Placed,66000,3.7,2,25-02-2023
232,Liam Brown,Male,26,Bachelor's,Electrical Engineering,University of North Carolina--Chapel Hill,Not Placed,0,3.6,1,05-10-2023
233,Amelia Smith,Female,24,Bachelor's,Mechanical Engineering,University of Maryland--College Park,Placed,63000,3.7,2,23-05-2023
234,William Garcia,Male,23,Bachelor's,Electronics and Communication,University of Michigan--Ann Arbor,Placed,64000,3.8,3,22-08-2023
235,Olivia Brown,Female,25,Bachelor's,Computer Science,University of California--Los Angeles,Placed,66000,3.9,3,04-03-2023
236,Elijah Garcia,Male,24,Bachelor's,Information Technology,University of Virginia,Placed,67000,3.9,3,23-06-2023
237,Emma Brown,Female,23,Bachelor's,Electrical Engineering,University of Texas--Austin,Placed,68000,3.9,3,25-02-2023
238,Noah Garcia,Male,24,Bachelor's,Mechanical Engineering,University of Pennsylvania,Not Placed,0,3.7,2,05-10-2023
239,Sophia Martinez,Female,25,Bachelor's,Electronics and Communication,University of Washington,Placed,67000,3.8,3,23-05-2023
240,Liam Rodriguez,Male,26,Bachelor's,Computer Science,University of California--Berkeley,Placed,66000,3.9,3,22-08-2023
241,Olivia Smith,Female,24,Bachelor's,Information Technology,University of Illinois--Urbana-Champaign,Placed,65000,3.8,3,04-03-2023
242,Ethan Johnson,Male,23,Bachelor's,Electrical Engineering,University of Colorado--Boulder,Placed,66000,3.7,2,23-06-2023
243,Ava Williams,Female,25,Bachelor's,Mechanical Engineering,University of North Carolina--Chapel Hill,Not Placed,0,3.6,1,25-02-2023
244,Liam Brown,Male,26,Bachelor's,Electronics and Communication,University of Maryland--College Park,Placed,63000,3.7,2,05-10-2023
245,Amelia Smith,Female,24,Bachelor's,Computer Science,University of Michigan--Ann Arbor,Placed,64000,3.8,3,23-05-2023
246,William Garcia,Male,23,Bachelor's,Information Technology,University of California--Los Angeles,Placed,66000,3.9,3,22-08-2023
247,Olivia Brown,Female,25,Bachelor's,Electrical Engineering,University of Virginia,Placed,67000,3.9,3,04-03-2023
248,Elijah Garcia,Male,24,Bachelor's,Mechanical Engineering,University of Texas--Austin,Placed,68000,3.9,3,23-06-2023
249,Emma Brown,Female,23,Bachelor's,Electronics and Communication,University of Pennsylvania,Not Placed,0,3.7,2,25-02-2023
250,Noah Garcia,Male,24,Bachelor's,Computer Science,University of Washington,Placed,67000,3.8,3,05-10-2023
251,Sophia Martinez,Female,25,Bachelor's,Information Technology,University of California--Berkeley,Placed,66000,3.9,3,23-05-2023
252,Liam Rodriguez,Male,26,Bachelor's,Electrical Engineering,University of Illinois--Urbana-Champaign,Placed,65000,3.8,3,22-08-2023
253,Olivia Smith,Female,24,Bachelor's,Mechanical Engineering,University of Colorado--Boulder,Placed,66000,3.7,2,04-03-2023
254,Ethan Johnson,Male,23,Bachelor's,Electronics and Communication,University of North Carolina--Chapel Hill,Not Placed,0,3.6,1,23-06-2023
255,Ava Williams,Female,25,Bachelor's,Computer Science,University of Maryland--College Park,Placed,63000,3.7,2,25-02-2023
256,Liam Brown,Male,26,Bachelor's,Information Technology,University of Michigan--Ann Arbor,Placed,64000,3.8,3,05-10-2023
257,Amelia Smith,Female,24,Bachelor's,Electrical Engineering,University of California--Los Angeles,Placed,66000,3.9,3,23-05-2023
258,William Garcia,Male,23,Bachelor's,Mechanical Engineering,University of Virginia,Placed,67000,3.9,3,22-08-2023
259,Olivia Brown,Female,25,Bachelor's,Electronics and Communication,University of Texas--Austin,Placed,68000,3.9,3,04-03-2023
260,Elijah Garcia,Male,24,Bachelor's,Computer Science,University of Pennsylvania,Not Placed,0,3.7,2,23-06-2023
261,Emma Brown,Female,23,Bachelor's,Information Technology,University of Washington,Placed,67000,3.8,3,25-02-2023
262,Noah Garcia,Male,24,Bachelor's,Electrical Engineering,University of California--Berkeley,Placed,66000,3.9,3,05-10-2023
263,Sophia Martinez,Female,25,Bachelor's,Mechanical Engineering,University of Illinois--Urbana-Champaign,Placed,65000,3.8,3,23-05-2023
264,Liam Rodriguez,Male,26,Bachelor's,Electronics and Communication,University of Colorado--Boulder,Placed,66000,3.7,2,22-08-2023
265,Olivia Smith,Female,24,Bachelor's,Computer Science,University of North Carolina--Chapel Hill,Not Placed,0,3.6,1,04-03-2023
266,Ethan Johnson,Male,23,Bachelor's,Information Technology,University of Maryland--College Park,Placed,63000,3.7,2,23-06-2023
267,Ava Williams,Female,25,Bachelor's,Electrical Engineering,University of Michigan--Ann Arbor,Placed,64000,3.8,3,25-02-2023
268,Liam Brown,Male,26,Bachelor's,Mechanical Engineering,University of California--Los Angeles,Placed,66000,3.9,3,05-10-2023
269,Amelia Smith,Female,24,Bachelor's,Electronics and Communication,University of Virginia,Placed,67000,3.9,3,23-05-2023
270,William Garcia,Male,23,Bachelor's,Computer Science,University of Texas--Austin,Placed,68000,3.9,3,22-08-2023
271,Olivia Brown,Female,25,Bachelor's,Information Technology,University of Pennsylvania,Not Placed,0,3.7,2,04-03-2023
272,Elijah Garcia,Male,24,Bachelor's,Electrical Engineering,University of Washington,Placed,67000,3.8,3,23-06-2023
273,Emma Brown,Female,23,Bachelor's,Mechanical Engineering,University of California--Berkeley,Placed,66000,3.9,3,25-02-2023
274,Noah Garcia,Male,24,Bachelor's,Electronics and Communication,University of Illinois--Urbana-Champaign,Placed,65000,3.8,3,05-10-2023
275,Sophia Martinez,Female,25,Bachelor's,Computer Science,University of Colorado--Boulder,Placed,66000,3.7,2,23-05-2023
276,Liam Rodriguez,Male,24,Bachelor's,Computer Science,University of California--San Diego,Placed,64000,3.6,2,22-08-2023
277,Emily Watson,Female,25,Bachelor's,Electrical Engineering,University of Texas--Austin,Placed,65000,3.7,2,04-03-2023
278,Nathan Garcia,Male,23,Bachelor's,Information Technology,University of California--Los Angeles,Placed,67000,3.8,3,23-06-2023
279,Sophia Hernandez,Female,26,Bachelor's,Mechanical Engineering,University of Michigan--Ann Arbor,Placed,68000,3.9,3,25-02-2023
280,Oliver Martinez,Male,24,Bachelor's,Computer Science,University of Pennsylvania,Not Placed,0,3.7,2,05-10-2023
281,Amelia Lee,Female,25,Bachelor's,Electronics and Communication,University of Washington,Placed,67000,3.8,3,23-05-2023
282,Ethan Johnson,Male,23,Bachelor's,Information Technology,University of California--Berkeley,Placed,66000,3.9,3,22-08-2023
283,Isabella Smith,Female,26,Bachelor's,Mechanical Engineering,University of Illinois--Urbana-Champaign,Placed,65000,3.8,3,04-03-2023
284,Aiden Brown,Male,24,Bachelor's,Computer Science,University of Colorado--Boulder,Placed,66000,3.7,2,23-06-2023
285,Sophia Jones,Female,25,Bachelor's,Electrical Engineering,University of North Carolina--Chapel Hill,Not Placed,0,3.6,1,25-02-2023
286,Lucas Taylor,Male,23,Bachelor's,Information Technology,University of Maryland--College Park,Placed,63000,3.7,2,05-10-2023
287,Emma Martinez,Female,26,Bachelor's,Mechanical Engineering,University of Rochester,Placed,62000,3.8,3,23-05-2023
288,Aiden Davis,Male,24,Bachelor's,Computer Science,University of California--Santa Cruz,Placed,60000,3.7,2,22-08-2023
289,Mia Wilson,Female,23,Bachelor's,Electronics and Communication,University of Connecticut,Placed,61000,3.5,1,04-03-2023
290,Jack Garcia,Male,26,Bachelor's,Information Technology,University of California--Riverside,Not Placed,0,3.9,2,23-06-2023
291,Emma Lopez,Female,24,Bachelor's,Mechanical Engineering,University of Delaware,Placed,65000,3.7,1,25-02-2023
292,Oliver Rodriguez,Male,23,Bachelor's,Computer Science,University of California--San Francisco,Placed,66000,3.8,3,05-10-2023
293,Chloe Hernandez,Female,26,Bachelor's,Electrical Engineering,University of Texas--Dallas,Placed,63000,3.6,1,23-05-2023
294,Ava Lee,Female,24,Bachelor's,Information Technology,University of Virginia,Placed,64000,3.9,2,22-08-2023
295,Liam Perez,Male,25,Bachelor's,Computer Science,University of California--Los Angeles,Placed,67000,3.9,3,04-03-2023
296,Isabella Martinez,Female,23,Bachelor's,Electronics and Communication,University of Michigan--Ann Arbor,Placed,68000,3.9,3,23-06-2023
297,Alexander Lee,Male,26,Bachelor's,Information Technology,University of Pennsylvania,Not Placed,0,3.7,2,25-02-2023
298,Sophia Johnson,Female,24,Bachelor's,Mechanical Engineering,University of Washington,Placed,67000,3.8,3,05-10-2023
299,Lucas Taylor,Male,23,Bachelor's,Computer Science,University of California--Berkeley,Placed,66000,3.9,3,23-05-2023
300,Emma Martinez,Female,26,Bachelor's,Electronics and Communication,University of Illinois--Urbana-Champaign,Placed,65000,3.8,3,22-08-2023
301,Aiden Davis,Male,24,Bachelor's,Computer Science,University of Colorado--Boulder,Placed,66000,3.7,2,04-03-2023
302,Mia Wilson,Female,23,Bachelor's,Electrical Engineering,University of North Carolina--Chapel Hill,Not Placed,0,3.6,1,23-06-2023
303,Jack Garcia,Male,26,Bachelor's,Information Technology,University of Maryland--College Park,Placed,63000,3.7,2,25-02-2023
304,Emma Lopez,Female,24,Bachelor's,Mechanical Engineering,University of Rochester,Placed,62000,3.8,3,05-10-2023
305,Oliver Rodriguez,Male,23,Bachelor's,Computer Science,University of California--Santa Cruz,Placed,60000,3.7,2,23-05-2023
306,Chloe Hernandez,Female,26,Bachelor's,Electrical Engineering,University of Connecticut,Placed,61000,3.5,1,22-08-2023
307,Ava Lee,Female,24,Bachelor's,Information Technology,University of California--Riverside,Not Placed,0,3.9,2,04-03-2023
308,Liam Perez,Male,25,Bachelor's,Computer Science,University of Delaware,Placed,65000,3.7,1,23-06-2023
309,Isabella Martinez,Female,23,Bachelor's,Electronics and Communication,University of California--San Francisco,Placed,66000,3.8,3,25-02-2023
310,Alexander Lee,Male,26,Bachelor's,Information Technology,University of Texas--Dallas,Placed,63000,3.6,1,05-10-2023
311,Sophia Johnson,Female,24,Bachelor's,Mechanical Engineering,University of Virginia,Placed,64000,3.9,2,23-05-2023
312,Lucas Taylor,Male,23,Bachelor's,Computer Science,University of California--Los Angeles,Placed,67000,3.9,3,22-08-2023
313,Emma Martinez,Female,26,Bachelor's,Electronics and Communication,University of Michigan--Ann Arbor,Placed,68000,3.9,3,04-03-2023
314,Aiden Davis,Male,24,Bachelor's,Computer Science,University of Pennsylvania,Not Placed,0,3.7,2,23-06-2023
315,Mia Wilson,Female,23,Bachelor's,Electrical Engineering,University of Washington,Placed,67000,3.8,3,25-02-2023
316,Jack Garcia,Male,26,Bachelor's,Information Technology,University of California--Berkeley,Placed,66000,3.9,3,05-10-2023
317,Emma Lopez,Female,24,Bachelor's,Mechanical Engineering,University of Illinois--Urbana-Champaign,Placed,65000,3.8,3,23-05-2023
318,Oliver Rodriguez,Male,23,Bachelor's,Computer Science,University of Colorado--Boulder,Placed,66000,3.7,2,22-08-2023
319,Chloe Hernandez,Female,26,Bachelor's,Electrical Engineering,University of North Carolina--Chapel Hill,Not Placed,0,3.6,1,04-03-2023
320,Ava Lee,Female,24,Bachelor's,Information Technology,University of Maryland--College Park,Placed,63000,3.7,2,23-06-2023
321,Liam Perez,Male,25,Bachelor's,Computer Science,University of Rochester,Placed,62000,3.8,3,25-02-2023
322,Isabella Martinez,Female,23,Bachelor's,Electronics and Communication,University of California--Santa Cruz,Placed,60000,3.7,2,05-10-2023
323,Alexander Lee,Male,26,Bachelor's,Information Technology,University of Connecticut,Placed,61000,3.5,1,23-05-2023
324,Sophia Johnson,Female,24,Bachelor's,Mechanical Engineering,University of California--Riverside,Not Placed,0,3.9,2,22-08-2023
325,Lucas Taylor,Male,23,Bachelor's,Computer Science,University of Delaware,Placed,65000,3.7,1,04-03-2023
326,Emma Martinez,Female,26,Bachelor's,Electronics and Communication,University of California--San Francisco,Placed,66000,3.8,3,23-06-2023
327,Aiden Davis,Male,24,Bachelor's,Computer Science,University of Texas--Dallas,Placed,63000,3.6,1,25-02-2023
328,Mia Wilson,Female,23,Bachelor's,Electrical Engineering,University of Virginia,Placed,64000,3.9,2,05-10-2023
329,Jack Garcia,Male,26,Bachelor's,Information Technology,University of Michigan--Ann Arbor,Placed,67000,3.9,3,23-05-2023
330,Emma Lopez,Female,24,Bachelor's,Mechanical Engineering,University of Pennsylvania,Not Placed,0,3.7,2,22-08-2023
331,Oliver Rodriguez,Male,23,Bachelor's,Computer Science,University of Washington,Placed,67000,3.8,3,04-03-2023
332,Chloe Hernandez,Female,26,Bachelor's,Electrical Engineering,University of California--Los Angeles,Placed,66000,3.9,3,23-06-2023
333,Ava Lee,Female,24,Bachelor's,Information Technology,University of California--Berkeley,Placed,65000,3.9,3,25-02-2023
334,Liam Perez,Male,25,Bachelor's,Computer Science,University of Illinois--Urbana-Champaign,Placed,65000,3.8,3,05-10-2023
335,Isabella Martinez,Female,23,Bachelor's,Electronics and Communication,University of Colorado--Boulder,Placed,66000,3.7,2,23-05-2023
336,Alexander Lee,Male,26,Bachelor's,Information Technology,University of North Carolina--Chapel Hill,Not Placed,0,3.6,1,22-08-2023
337,Sophia Johnson,Female,24,Bachelor's,Mechanical Engineering,University of Maryland--College Park,Placed,63000,3.7,2,04-03-2023
338,Lucas Taylor,Male,23,Bachelor's,Computer Science,University of Rochester,Placed,62000,3.8,3,23-06-2023
339,Emma Martinez,Female,26,Bachelor's,Electronics and Communication,University of California--Santa Cruz,Placed,60000,3.7,2,25-02-2023
340,Aiden Davis,Male,24,Bachelor's,Computer Science,University of Connecticut,Placed,61000,3.5,1,05-10-2023
341,Mia Wilson,Female,23,Bachelor's,Electrical Engineering,University of California--Riverside,Not Placed,0,3.9,2,23-05-2023
342,Jack Garcia,Male,26,Bachelor's,Information Technology,University of Delaware,Placed,65000,3.7,1,22-08-2023
343,Emma Lopez,Female,24,Bachelor's,Mechanical Engineering,University of California--San Francisco,Placed,66000,3.8,3,04-03-2023
344,Oliver Rodriguez,Male,23,Bachelor's,Computer Science,University of Texas--Dallas,Placed,63000,3.6,1,23-06-2023
345,Chloe Hernandez,Female,26,Bachelor's,Electrical Engineering,University of Virginia,Placed,64000,3.9,2,25-02-2023
346,Ava Lee,Female,24,Bachelor's,Information Technology,University of Michigan--Ann Arbor,Placed,67000,3.9,3,05-10-2023
347,Liam Perez,Male,25,Bachelor's,Computer Science,University of Pennsylvania,Not Placed,0,3.7,2,23-05-2023
348,Isabella Martinez,Female,23,Bachelor's,Electronics and Communication,University of Washington,Placed,67000,3.8,3,22-08-2023
349,Alexander Lee,Male,26,Bachelor's,Information Technology,University of California--Berkeley,Placed,66000,3.9,3,04-03-2023
350,Sophia Johnson,Female,24,Bachelor's,Mechanical Engineering,University of Illinois--Urbana-Champaign,Placed,65000,3.8,3,23-06-2023
351,Lucas Taylor,Male,23,Bachelor's,Computer Science,University of Colorado--Boulder,Placed,66000,3.7,2,25-02-2023
352,Emma Martinez,Female,26,Bachelor's,Electronics and Communication,University of North Carolina--Chapel Hill,Not Placed,0,3.6,1,05-10-2023
353,Aiden Davis,Male,24,Bachelor's,Computer Science,University of Maryland--College Park,Placed,63000,3.7,2,23-05-2023
354,Mia Wilson,Female,23,Bachelor's,Electrical Engineering,University of Rochester,Placed,62000,3.8,3,22-08-2023
355,Jack Garcia,Male,26,Bachelor's,Information Technology,University of California--Santa Cruz,Placed,60000,3.7,2,04-03-2023
356,Emma Lopez,Female,24,Bachelor's,Mechanical Engineering,University of Connecticut,Placed,61000,3.5,1,23-06-2023
357,Oliver Rodriguez,Male,23,Bachelor's,Computer Science,University of California--Riverside,Not Placed,0,3.9,2,25-02-2023
358,Chloe Hernandez,Female,26,Bachelor's,Electrical Engineering,University of Delaware,Placed,65000,3.7,1,05-10-2023
359,Ava Lee,Female,24,Bachelor's,Information Technology,University of California--San Francisco,Placed,66000,3.8,3,23-05-2023
360,Liam Perez,Male,25,Bachelor's,Computer Science,University of Texas--Dallas,Placed,63000,3.6,1,22-08-2023
361,Isabella Martinez,Female,23,Bachelor's,Electronics and Communication,University of Virginia,Placed,64000,3.9,2,04-03-2023
362,Alexander Lee,Male,26,Bachelor's,Information Technology,University of Michigan--Ann Arbor,Placed,67000,3.9,3,23-06-2023
363,Sophia Johnson,Female,24,Bachelor's,Mechanical Engineering,University of Pennsylvania,Not Placed,0,3.7,2,25-02-2023
364,Lucas Taylor,Male,23,Bachelor's,Computer Science,University of Washington,Placed,67000,3.8,3,05-10-2023
365,Emma Martinez,Female,26,Bachelor's,Electronics and Communication,University of California--Berkeley,Placed,66000,3.9,3,23-05-2023
366,Aiden Davis,Male,24,Bachelor's,Computer Science,University of Illinois--Urbana-Champaign,Placed,65000,3.8,3,22-08-2023
367,Mia Wilson,Female,23,Bachelor's,Electrical Engineering,University of Colorado--Boulder,Placed,66000,3.7,2,04-03-2023
368,Jack Garcia,Male,26,Bachelor's,Information Technology,University of North Carolina--Chapel Hill,Not Placed,0,3.6,1,23-06-2023
369,Emma Lopez,Female,24,Bachelor's,Mechanical Engineering,University of Maryland--College Park,Placed,63000,3.7,2,25-02-2023
370,Oliver Rodriguez,Male,23,Bachelor's,Computer Science,University of Rochester,Placed,62000,3.8,3,05-10-2023
371,Chloe Hernandez,Female,26,Bachelor's,Electrical Engineering,University of California--Santa Cruz,Placed,60000,3.7,2,23-05-2023
372,Ava Lee,Female,24,Bachelor's,Information Technology,University of Connecticut,Placed,61000,3.5,1,22-08-2023
373,Liam Perez,Male,25,Bachelor's,Computer Science,University of California--Riverside,Not Placed,0,3.9,2,04-03-2023
374,Isabella Martinez,Female,23,Bachelor's,Electronics and Communication,University of Delaware,Placed,65000,3.7,1,23-06-2023
375,Alexander Lee,Male,26,Bachelor's,Information Technology,University of California--San Francisco,Placed,66000,3.8,3,25-02-2023
376,Sophia Johnson,Female,24,Bachelor's,Mechanical Engineering,University of Texas--Dallas,Placed,63000,3.6,1,05-10-2023
377,Lucas Taylor,Male,23,Bachelor's,Computer Science,University of Michigan--Ann Arbor,Placed,64000,3.9,2,23-05-2023
378,Emma Martinez,Female,26,Bachelor's,Electronics and Communication,University of Virginia,Placed,67000,3.9,3,22-08-2023
379,Aiden Davis,Male,24,Bachelor's,Computer Science,University of California--Los Angeles,Placed,67000,3.8,3,04-03-2023
380,Mia Wilson,Female,23,Bachelor's,Electrical Engineering,University of California--Berkeley,Placed,66000,3.7,2,23-06-2023
381,Jack Garcia,Male,26,Bachelor's,Information Technology,University of Illinois--Urbana-Champaign,Placed,65000,3.8,3,25-02-2023
382,Emma Lopez,Female,24,Bachelor's,Mechanical Engineering,University of Colorado--Boulder,Placed,66000,3.7,2,05-10-2023
383,Oliver Rodriguez,Male,23,Bachelor's,Computer Science,University of North Carolina--Chapel Hill,Not Placed,0,3.6,1,23-05-2023
384,Chloe Hernandez,Female,26,Bachelor's,Electrical Engineering,University of Maryland--College Park,Placed,63000,3.7,2,22-08-2023
385,Ava Lee,Female,24,Bachelor's,Information Technology,University of Rochester,Placed,62000,3.8,3,04-03-2023
386,Liam Perez,Male,25,Bachelor's,Computer Science,University of California--Santa Cruz,Placed,60000,3.7,2,23-06-2023
387,Isabella Martinez,Female,23,Bachelor's,Electronics and Communication,University of Connecticut,Placed,61000,3.5,1,25-02-2023
388,Alexander Lee,Male,26,Bachelor's,Information Technology,University of California--Riverside,Not Placed,0,3.9,2,05-10-2023
389,Sophia Johnson,Female,24,Bachelor's,Mechanical Engineering,University of Delaware,Placed,65000,3.7,1,23-05-2023
390,Lucas Taylor,Male,23,Bachelor's,Computer Science,University of California--San Francisco,Placed,66000,3.8,3,22-08-2023
391,Emma Martinez,Female,26,Bachelor's,Electronics and Communication,University of Texas--Dallas,Placed,63000,3.6,1,04-03-2023
392,Aiden Davis,Male,24,Bachelor's,Computer Science,University of Virginia,Placed,64000,3.9,2,23-06-2023
393,Mia Wilson,Female,23,Bachelor's,Electrical Engineering,University of Michigan--Ann Arbor,Placed,67000,3.9,3,25-02-2023
394,Jack Garcia,Male,26,Bachelor's,Information Technology,University of Pennsylvania,Not Placed,0,3.7,2,05-10-2023
395,Emma Lopez,Female,24,Bachelor's,Mechanical Engineering,University of Washington,Placed,67000,3.8,3,23-05-2023
396,Oliver Rodriguez,Male,23,Bachelor's,Computer Science,University of California--Berkeley,Placed,66000,3.9,3,22-08-2023
397,Chloe Hernandez,Female,26,Bachelor's,Electrical Engineering,University of Illinois--Urbana-Champaign,Placed,65000,3.8,3,04-03-2023
398,Ava Lee,Female,24,Bachelor's,Information Technology,University of Colorado--Boulder,Placed,66000,3.7,2,23-06-2023
399,Liam Perez,Male,25,Bachelor's,Computer Science,University of North Carolina--Chapel Hill,Not Placed,0,3.6,1,25-02-2023
400,Isabella Martinez,Female,23,Bachelor's,Electronics and Communication,University of Maryland--College Park,Placed,63000,3.7,2,05-10-2023
401,Alexander Lee,Male,26,Bachelor's,Information Technology,University of Rochester,Placed,62000,3.8,3,23-05-2023
402,Sophia Johnson,Female,24,Bachelor's,Mechanical Engineering,University of California--Santa Cruz,Placed,60000,3.7,2,22-08-2023
403,Lucas Taylor,Male,23,Bachelor's,Computer Science,University of Connecticut,Placed,61000,3.5,1,04-03-2023
404,Emma Martinez,Female,26,Bachelor's,Electrical Engineering,University of California--Riverside,Not Placed,0,3.9,2,23-06-2023
405,Aiden Davis,Male,24,Bachelor's,Computer Science,University of Delaware,Placed,65000,3.7,1,25-02-2023
406,Mia Wilson,Female,23,Bachelor's,Electronics and Communication,University of California--San Francisco,Placed,66000,3.8,3,05-10-2023
407,Jack Garcia,Male,26,Bachelor's,Information Technology,University of Texas--Dallas,Placed,63000,3.6,1,23-05-2023
408,Emma Lopez,Female,24,Bachelor's,Mechanical Engineering,University of Virginia,Placed,64000,3.9,2,22-08-2023
409,Oliver Rodriguez,Male,23,Bachelor's,Computer Science,University of Michigan--Ann Arbor,Placed,67000,3.9,3,04-03-2023
410,Chloe Hernandez,Female,26,Bachelor's,Electrical Engineering,University of Pennsylvania,Not Placed,0,3.7,2,23-06-2023
411,Ava Lee,Female,24,Bachelor's,Information Technology,University of Washington,Placed,67000,3.8,3,25-02-2023
412,Liam Perez,Male,25,Bachelor's,Computer Science,University of California--Berkeley,Placed,66000,3.9,3,05-10-2023
413,Isabella Martinez,Female,23,Bachelor's,Electronics and Communication,University of Illinois--Urbana-Champaign,Placed,65000,3.8,3,23-05-2023
414,Alexander Lee,Male,26,Bachelor's,Information Technology,University of Colorado--Boulder,Placed,66000,3.7,2,22-08-2023
415,Sophia Johnson,Female,24,Bachelor's,Mechanical Engineering,University of North Carolina--Chapel Hill,Not Placed,0,3.6,1,04-03-2023
416,Lucas Taylor,Male,23,Bachelor's,Computer Science,University of Maryland--College Park,Placed,63000,3.7,2,23-06-2023
417,Emma Martinez,Female,26,Bachelor's,Electronics and Communication,University of Rochester,Placed,62000,3.8,3,25-02-2023
418,Aiden Davis,Male,24,Bachelor's,Computer Science,University of California--Santa Cruz,Placed,60000,3.7,2,05-10-2023
419,Mia Wilson,Female,23,Bachelor's,Electrical Engineering,University of Connecticut,Placed,61000,3.5,1,23-05-2023
420,Jack Garcia,Male,26,Bachelor's,Information Technology,University of California--Riverside,Not Placed,0,3.9,2,22-08-2023
421,Emma Lopez,Female,24,Bachelor's,Mechanical Engineering,University of Delaware,Placed,65000,3.7,1,04-03-2023
422,Oliver Rodriguez,Male,23,Bachelor's,Computer Science,University of California--San Francisco,Placed,66000,3.8,3,23-06-2023
423,Chloe Hernandez,Female,26,Bachelor's,Electrical Engineering,University of Texas--Dallas,Placed,63000,3.6,1,25-02-2023
424,Ava Lee,Female,24,Bachelor's,Information Technology,University of Virginia,Placed,64000,3.9,2,05-10-2023
425,Liam Perez,Male,25,Bachelor's,Computer Science,University of Michigan--Ann Arbor,Placed,67000,3.9,3,23-05-2023
426,Isabella Martinez,Female,23,Bachelor's,Electronics and Communication,University of Pennsylvania,Not Placed,0,3.7,2,22-08-2023
427,Alexander Lee,Male,26,Bachelor's,Information Technology,University of Washington,Placed,67000,3.8,3,04-03-2023
428,Sophia Johnson,Female,24,Bachelor's,Mechanical Engineering,University of California--Berkeley,Placed,66000,3.9,3,23-06-2023
429,Lucas Taylor,Male,23,Bachelor's,Computer Science,University of Illinois--Urbana-Champaign,Placed,65000,3.8,3,25-02-2023
430,Emma Martinez,Female,26,Bachelor's,Electronics and Communication,University of Colorado--Boulder,Placed,66000,3.7,2,05-10-2023
431,Aiden Davis,Male,24,Bachelor's,Computer Science,University of North Carolina--Chapel Hill,Not Placed,0,3.6,1,23-05-2023
432,Mia Wilson,Female,23,Bachelor's,Electrical Engineering,University of Maryland--College Park,Placed,63000,3.7,2,22-08-2023
433,Jack Garcia,Male,26,Bachelor's,Information Technology,University of Rochester,Placed,62000,3.8,3,04-03-2023
434,Emma Lopez,Female,24,Bachelor's,Mechanical Engineering,University of California--Santa Cruz,Placed,60000,3.7,2,23-06-2023
435,Oliver Rodriguez,Male,23,Bachelor's,Computer Science,University of Connecticut,Placed,61000,3.5,1,25-02-2023
436,Chloe Hernandez,Female,26,Bachelor's,Electrical Engineering,University of California--Riverside,Not Placed,0,3.9,2,05-10-2023
437,Ava Lee,Female,24,Bachelor's,Information Technology,University of Delaware,Placed,65000,3.7,1,23-05-2023
438,Liam Perez,Male,25,Bachelor's,Computer Science,University of California--San Francisco,Placed,66000,3.8,3,22-08-2023
439,Isabella Martinez,Female,23,Bachelor's,Electronics and Communication,University of Texas--Dallas,Placed,63000,3.6,1,04-03-2023
440,Alexander Lee,Male,26,Bachelor's,Information Technology,University of Virginia,Placed,64000,3.9,2,23-06-2023
441,Sophia Johnson,Female,24,Bachelor's,Mechanical Engineering,University of Michigan--Ann Arbor,Placed,67000,3.9,3,25-02-2023
442,Lucas Taylor,Male,23,Bachelor's,Computer Science,University of Pennsylvania,Not Placed,0,3.7,2,05-10-2023
443,Emma Martinez,Female,26,Bachelor's,Electronics and Communication,University of Washington,Placed,67000,3.8,3,23-05-2023
444,Aiden Davis,Male,24,Bachelor's,Computer Science,University of California--Berkeley,Placed,66000,3.9,3,22-08-2023
445,Mia Wilson,Female,23,Bachelor's,Electrical Engineering,University of Illinois--Urbana-Champaign,Placed,65000,3.8,3,04-03-2023
446,Jack Garcia,Male,26,Bachelor's,Information Technology,University of Colorado--Boulder,Placed,66000,3.7,2,23-06-2023
447,Emma Lopez,Female,24,Bachelor's,Mechanical Engineering,University of North Carolina--Chapel Hill,Not Placed,0,3.6,1,25-02-2023
448,Oliver Rodriguez,Male,23,Bachelor's,Computer Science,University of Maryland--College Park,Placed,63000,3.7,2,05-10-2023
449,Chloe Hernandez,Female,26,Bachelor's,Electrical Engineering,University of Rochester,Placed,62000,3.8,3,23-05-2023
450,Ava Lee,Female,24,Bachelor's,Information Technology,University of California--Santa Cruz,Placed,60000,3.7,2,22-08-2023
451,Liam Perez,Male,25,Bachelor's,Computer Science,University of Connecticut,Placed,61000,3.5,1,04-03-2023
452,Isabella Martinez,Female,23,Bachelor's,Electronics and Communication,University of California--Riverside,Not Placed,0,3.9,2,23-06-2023
453,Alexander Lee,Male,26,Bachelor's,Information Technology,University of Delaware,Placed,65000,3.7,1,25-02-2023
454,Sophia Johnson,Female,24,Bachelor's,Mechanical Engineering,University of California--San Francisco,Placed,66000,3.8,3,05-10-2023
455,Lucas Taylor,Male,23,Bachelor's,Computer Science,University of Texas--Dallas,Placed,63000,3.6,1,23-05-2023
456,Emma Martinez,Female,26,Bachelor's,Electronics and Communication,University of Virginia,Placed,64000,3.9,2,22-08-2023
457,Aiden Davis,Male,24,Bachelor's,Computer Science,University of Michigan--Ann Arbor,Placed,67000,3.9,3,04-03-2023
458,Mia Wilson,Female,23,Bachelor's,Electrical Engineering,University of Pennsylvania,Not Placed,0,3.7,2,23-06-2023
459,Jack Garcia,Male,26,Bachelor's,Information Technology,University of Washington,Placed,67000,3.8,3,25-02-2023
460,Emma Lopez,Female,24,Bachelor's,Mechanical Engineering,University of California--Berkeley,Placed,66000,3.9,3,05-10-2023
461,Oliver Rodriguez,Male,23,Bachelor's,Computer Science,University of Illinois--Urbana-Champaign,Placed,65000,3.8,3,23-05-2023
462,Chloe Hernandez,Female,26,Bachelor's,Electrical Engineering,University of Colorado--Boulder,Placed,66000,3.7,2,22-08-2023
463,Ava Lee,Female,24,Bachelor's,Information Technology,University of North Carolina--Chapel Hill,Not Placed,0,3.6,1,04-03-2023
464,Liam Perez,Male,25,Bachelor's,Computer Science,University of Maryland--College Park,Placed,63000,3.7,2,23-06-2023
465,Isabella Martinez,Female,23,Bachelor's,Electronics and Communication,University of Rochester,Placed,62000,3.8,3,25-02-2023
466,Alexander Lee,Male,26,Bachelor's,Information Technology,University of California--Santa Cruz,Placed,60000,3.7,2,05-10-2023
467,Sophia Johnson,Female,24,Bachelor's,Mechanical Engineering,University of Connecticut,Placed,61000,3.5,1,23-05-2023
468,Lucas Taylor,Male,23,Bachelor's,Computer Science,University of California--Riverside,Not Placed,0,3.9,2,22-08-2023
469,Emma Martinez,Female,26,Bachelor's,Electronics and Communication,University of Delaware,Placed,65000,3.7,1,04-03-2023
470,Aiden Davis,Male,24,Bachelor's,Computer Science,University of California--San Francisco,Placed,66000,3.8,3,23-06-2023
471,Mia Wilson,Female,23,Bachelor's,Electrical Engineering,University of Texas--Dallas,Placed,63000,3.6,1,25-02-2023
472,Jack Garcia,Male,26,Bachelor's,Information Technology,University of Virginia,Placed,64000,3.9,2,05-10-2023
473,Emma Lopez,Female,24,Bachelor's,Mechanical Engineering,University of Michigan--Ann Arbor,Placed,67000,3.9,3,23-05-2023
474,Oliver Rodriguez,Male,23,Bachelor's,Computer Science,University of Pennsylvania,Not Placed,0,3.7,2,22-08-2023
475,Chloe Hernandez,Female,26,Bachelor's,Electrical Engineering,University of Washington,Placed,67000,3.8,3,04-03-2023
476,Ava Lee,Female,24,Bachelor's,Information Technology,University of California--Berkeley,Placed,66000,3.9,3,23-06-2023
477,Liam Perez,Male,25,Bachelor's,Computer Science,University of Illinois--Urbana-Champaign,Placed,65000,3.8,3,25-02-2023
478,Isabella Martinez,Female,23,Bachelor's,Electronics and Communication,University of Colorado--Boulder,Placed,66000,3.7,2,05-10-2023
479,Alexander Lee,Male,26,Bachelor's,Information Technology,University of North Carolina--Chapel Hill,Not Placed,0,3.6,1,23-05-2023
480,Sophia Johnson,Female,24,Bachelor's,Mechanical Engineering,University of Maryland--College Park,Placed,63000,3.7,2,22-08-2023
481,Lucas Taylor,Male,23,Bachelor's,Computer Science,University of Rochester,Placed,62000,3.8,3,04-03-2023
482,Emma Martinez,Female,26,Bachelor's,Electronics and Communication,University of California--Santa Cruz,Placed,60000,3.7,2,23-06-2023
483,Aiden Davis,Male,24,Bachelor's,Computer Science,University of Connecticut,Placed,61000,3.5,1,25-02-2023
484,Mia Wilson,Female,23,Bachelor's,Electrical Engineering,University of California--Riverside,Not Placed,0,3.9,2,05-10-2023
485,Jack Garcia,Male,26,Bachelor's,Information Technology,University of Delaware,Placed,65000,3.7,1,23-05-2023
486,Emma Lopez,Female,24,Bachelor's,Mechanical Engineering,University of California--San Francisco,Placed,66000,3.8,3,22-08-2023
487,Oliver Rodriguez,Male,23,Bachelor's,Computer Science,University of Texas--Dallas,Placed,63000,3.6,1,04-03-2023
488,Chloe Hernandez,Female,26,Bachelor's,Electrical Engineering,University of Virginia,Placed,64000,3.9,2,23-06-2023
489,Ava Lee,Female,24,Bachelor's,Information Technology,University of Michigan--Ann Arbor,Placed,67000,3.9,3,25-02-2023
490,Liam Perez,Male,25,Bachelor's,Computer Science,University of Pennsylvania,Not Placed,0,3.7,2,05-10-2023
491,Isabella Martinez,Female,23,Bachelor's,Electronics and Communication,University of Washington,Placed,67000,3.8,3,23-05-2023
492,Alexander Lee,Male,26,Bachelor's,Information Technology,University of California--Berkeley,Placed,66000,3.9,3,22-08-2023
493,Sophia Johnson,Female,24,Bachelor's,Mechanical Engineering,University of Illinois--Urbana-Champaign,Placed,65000,3.8,3,04-03-2023
494,Lucas Taylor,Male,23,Bachelor's,Computer Science,University of Colorado--Boulder,Placed,66000,3.7,2,23-06-2023
495,Emma Martinez,Female,26,Bachelor's,Electronics and Communication,University of North Carolina--Chapel Hill,Not Placed,0,3.6,1,25-02-2023
496,Aiden Davis,Male,24,Bachelor's,Computer Science,University of Maryland--College Park,Placed,63000,3.7,2,05-10-2023
497,Mia Wilson,Female,23,Bachelor's,Electrical Engineering,University of Rochester,Placed,62000,3.8,3,23-05-2023
498,Jack Garcia,Male,26,Bachelor's,Information Technology,University of California--Santa Cruz,Placed,60000,3.7,2,22-08-2023
499,Emma Lopez,Female,24,Bachelor's,Mechanical Engineering,University of Connecticut,Placed,61000,3.5,1,04-03-2023
500,Oliver Rodriguez,Male,23,Bachelor's,Computer Science,University of California--Riverside,Not Placed,0,3.9,2,23-06-2023
501,Chloe Hernandez,Female,26,Bachelor's,Electrical Engineering,University of Delaware,Placed,65000,3.7,1,25-02-2023
502,Ava Lee,Female,24,Bachelor's,Information Technology,University of California--San Francisco,Placed,66000,3.8,3,05-10-2023
503,Liam Perez,Male,25,Bachelor's,Computer Science,University of Texas--Dallas,Placed,63000,3.6,1,23-05-2023
504,Isabella Martinez,Female,23,Bachelor's,Electronics and Communication,University of Virginia,Placed,64000,3.9,2,22-08-2023
505,Alexander Lee,Male,26,Bachelor's,Information Technology,University of Michigan--Ann Arbor,Placed,67000,3.9,3,04-03-2023
506,Sophia Johnson,Female,24,Bachelor's,Mechanical Engineering,University of Pennsylvania,Not Placed,0,3.7,2,23-06-2023
507,Lucas Taylor,Male,23,Bachelor's,Computer Science,University of Washington,Placed,67000,3.8,3,25-02-2023
508,Emma Martinez,Female,26,Bachelor's,Electronics and Communication,University of California--Berkeley,Placed,66000,3.9,3,05-10-2023
509,Aiden Davis,Male,24,Bachelor's,Computer Science,University of Illinois--Urbana-Champaign,Placed,65000,3.8,3,23-05-2023
510,Mia Wilson,Female,23,Bachelor's,Electrical Engineering,University of Colorado--Boulder,Placed,66000,3.7,2,22-08-2023
511,Jack Garcia,Male,26,Bachelor's,Information Technology,University of North Carolina--Chapel Hill,Not Placed,0,3.6,1,04-03-2023
512,Emma Lopez,Female,24,Bachelor's,Mechanical Engineering,University of Maryland--College Park,Placed,63000,3.7,2,23-06-2023
513,Oliver Rodriguez,Male,23,Bachelor's,Computer Science,University of Rochester,Placed,62000,3.8,3,25-02-2023
514,Chloe Hernandez,Female,26,Bachelor's,Electrical Engineering,University of California--Santa Cruz,Placed,60000,3.7,2,05-10-2023
515,Ava Lee,Female,24,Bachelor's,Information Technology,University of Connecticut,Placed,61000,3.5,1,23-05-2023
516,Liam Perez,Male,25,Bachelor's,Computer Science,University of California--Riverside,Not Placed,0,3.9,2,22-08-2023
517,Isabella Martinez,Female,23,Bachelor's,Electronics and Communication,University of Delaware,Placed,65000,3.7,1,04-03-2023
518,Alexander Lee,Male,26,Bachelor's,Information Technology,University of California--San Francisco,Placed,66000,3.8,3,23-06-2023
519,Sophia Johnson,Female,24,Bachelor's,Mechanical Engineering,University of Texas--Dallas,Placed,63000,3.6,1,25-02-2023
520,Lucas Taylor,Male,23,Bachelor's,Computer Science,University of Michigan--Ann Arbor,Placed,64000,3.9,2,05-10-2023
521,Emma Martinez,Female,26,Bachelor's,Electronics and Communication,University of Virginia,Placed,67000,3.9,3,23-05-2023
522,Aiden Davis,Male,24,Bachelor's,Computer Science,University of California--Los Angeles,Placed,67000,3.8,3,22-08-2023
523,Mia Wilson,Female,23,Bachelor's,Electrical Engineering,University of California--Berkeley,Placed,66000,3.7,2,04-03-2023
524,Jack Garcia,Male,26,Bachelor's,Information Technology,University of Illinois--Urbana-Champaign,Placed,65000,3.8,3,23-06-2023
525,Emma Lopez,Female,24,Bachelor's,Mechanical Engineering,University of Colorado--Boulder,Placed,66000,3.7,2,25-02-2023
526,Oliver Rodriguez,Male,23,Bachelor's,Computer Science,University of North Carolina--Chapel Hill,Not Placed,0,3.6,1,05-10-2023
527,Chloe Hernandez,Female,26,Bachelor's,Electrical Engineering,University of Maryland--College Park,Placed,63000,3.7,2,23-05-2023
528,Ava Lee,Female,24,Bachelor's,Information Technology,University of Rochester,Placed,62000,3.8,3,22-08-2023
529,Liam Perez,Male,25,Bachelor's,Computer Science,University of California--Santa Cruz,Placed,60000,3.7,2,04-03-2023
530,Isabella Martinez,Female,23,Bachelor's,Electronics and Communication,University of Connecticut,Placed,61000,3.5,1,23-06-2023
531,Alexander Lee,Male,26,Bachelor's,Information Technology,University of California--Riverside,Not Placed,0,3.9,2,25-02-2023
532,Sophia Johnson,Female,24,Bachelor's,Mechanical Engineering,University of Delaware,Placed,65000,3.7,1,05-10-2023
533,Lucas Taylor,Male,23,Bachelor's,Computer Science,University of California--San Francisco,Placed,66000,3.8,3,23-05-2023
534,Emma Martinez,Female,26,Bachelor's,Electronics and Communication,University of Texas--Dallas,Placed,63000,3.6,1,22-08-2023
535,Aiden Davis,Male,24,Bachelor's,Computer Science,University of Virginia,Placed,64000,3.9,2,04-03-2023
536,Mia Wilson,Female,23,Bachelor's,Electrical Engineering,University of Michigan--Ann Arbor,Placed,67000,3.9,3,23-06-2023
537,Jack Garcia,Male,26,Bachelor's,Information Technology,University of Pennsylvania,Not Placed,0,3.7,2,25-02-2023
538,Emma Lopez,Female,24,Bachelor's,Mechanical Engineering,University of Washington,Placed,67000,3.8,3,05-10-2023
539,Oliver Rodriguez,Male,23,Bachelor's,Computer Science,University of California--Berkeley,Placed,66000,3.9,3,23-05-2023
540,Chloe Hernandez,Female,26,Bachelor's,Electrical Engineering,University of Illinois--Urbana-Champaign,Placed,65000,3.8,3,22-08-2023
541,Ava Lee,Female,24,Bachelor's,Information Technology,University of Colorado--Boulder,Placed,66000,3.7,2,04-03-2023
542,Liam Perez,Male,25,Bachelor's,Computer Science,University of North Carolina--Chapel Hill,Not Placed,0,3.6,1,23-06-2023
543,Isabella Martinez,Female,23,Bachelor's,Electronics and Communication,University of Maryland--College Park,Placed,63000,3.7,2,25-02-2023
544,Alexander Lee,Male,26,Bachelor's,Information Technology,University of Rochester,Placed,62000,3.8,3,05-10-2023
545,Sophia Johnson,Female,24,Bachelor's,Mechanical Engineering,University of California--Santa Cruz,Placed,60000,3.7,1,23-05-2023
546,Lucas Taylor,Male,23,Bachelor's,Computer Science,University of California--Riverside,Not Placed,0,3.9,2,22-08-2023
547,Emma Martinez,Female,26,Bachelor's,Electronics and Communication,University of Delaware,Placed,65000,3.7,1,04-03-2023
548,Aiden Davis,Male,24,Bachelor's,Computer Science,University of California--San Francisco,Placed,66000,3.8,3,23-06-2023
549,Mia Wilson,Female,23,Bachelor's,Electrical Engineering,University of Texas--Dallas,Placed,63000,3.6,1,25-02-2023
550,Jack Garcia,Male,26,Bachelor's,Information Technology,University of Virginia,Placed,64000,3.9,2,05-10-2023
551,Emma Lopez,Female,24,Bachelor's,Mechanical Engineering,University of Michigan--Ann Arbor,Placed,67000,3.9,3,23-05-2023
552,Oliver Rodriguez,Male,23,Bachelor's,Computer Science,University of Pennsylvania,Not Placed,0,3.7,2,22-08-2023
553,Chloe Hernandez,Female,26,Bachelor's,Electrical Engineering,University of Washington,Placed,67000,3.8,3,04-03-2023
554,Ava Lee,Female,24,Bachelor's,Information Technology,University of California--Berkeley,Placed,66000,3.9,3,23-06-2023
555,Liam Perez,Male,25,Bachelor's,Computer Science,University of Illinois--Urbana-Champaign,Placed,65000,3.8,3,25-02-2023
556,Isabella Martinez,Female,23,Bachelor's,Electronics and Communication,University of Colorado--Boulder,Placed,66000,3.7,2,05-10-2023
557,Alexander Lee,Male,26,Bachelor's,Information Technology,University of North Carolina--Chapel Hill,Not Placed,0,3.6,1,23-05-2023
558,Sophia Johnson,Female,24,Bachelor's,Mechanical Engineering,University of Maryland--College Park,Placed,63000,3.7,2,22-08-2023
559,Lucas Taylor,Male,23,Bachelor's,Computer Science,University of Rochester,Placed,62000,3.8,3,04-03-2023
560,Emma Martinez,Female,26,Bachelor's,Electronics and Communication,University of California--Santa Cruz,Placed,60000,3.7,2,23-06-2023
561,Aiden Davis,Male,24,Bachelor's,Computer Science,University of Connecticut,Placed,61000,3.5,1,25-02-2023
562,Mia Wilson,Female,23,Bachelor's,Electrical Engineering,University of California--Riverside,Not Placed,0,3.9,2,05-10-2023
563,Jack Garcia,Male,26,Bachelor's,Information Technology,University of Delaware,Placed,65000,3.7,1,23-05-2023
564,Emma Lopez,Female,24,Bachelor's,Mechanical Engineering,University of California--San Francisco,Placed,66000,3.8,3,22-08-2023
565,Oliver Rodriguez,Male,23,Bachelor's,Computer Science,University of Texas--Dallas,Placed,63000,3.6,1,04-03-2023
566,Chloe Hernandez,Female,26,Bachelor's,Electrical Engineering,University of Virginia,Placed,64000,3.9,2,23-06-2023
567,Ava Lee,Female,24,Bachelor's,Information Technology,University of Michigan--Ann Arbor,Placed,67000,3.9,3,25-02-2023
568,Liam Perez,Male,25,Bachelor's,Computer Science,University of Pennsylvania,Not Placed,0,3.7,2,05-10-2023
569,Isabella Martinez,Female,23,Bachelor's,Electronics and Communication,University of Washington,Placed,67000,3.8,3,23-05-2023
570,Alexander Lee,Male,26,Bachelor's,Information Technology,University of California--Berkeley,Placed,66000,3.9,3,22-08-2023
571,Sophia Johnson,Female,24,Bachelor's,Mechanical Engineering,University of Illinois--Urbana-Champaign,Placed,65000,3.8,3,04-03-2023
572,Lucas Taylor,Male,23,Bachelor's,Computer Science,University of Colorado--Boulder,Placed,66000,3.7,2,23-06-2023
573,Emma Martinez,Female,26,Bachelor's,Electronics and Communication,University of North Carolina--Chapel Hill,Not Placed,0,3.6,1,25-02-2023
574,Aiden Davis,Male,24,Bachelor's,Computer Science,University of Maryland--College Park,Placed,63000,3.7,2,05-10-2023
575,Mia Wilson,Female,23,Bachelor's,Electrical Engineering,University of Rochester,Placed,62000,3.8,3,23-05-2023
576,Jack Garcia,Male,26,Bachelor's,Information Technology,University of California--Santa Cruz,Placed,60000,3.7,2,22-08-2023
577,Emma Lopez,Female,24,Bachelor's,Mechanical Engineering,University of Connecticut,Placed,61000,3.5,1,04-03-2023
578,Oliver Rodriguez,Male,23,Bachelor's,Computer Science,University of California--Riverside,Not Placed,0,3.9,2,23-06-2023
579,Chloe Hernandez,Female,26,Bachelor's,Electrical Engineering,University of Delaware,Placed,65000,3.7,1,25-02-2023
580,Ava Lee,Female,24,Bachelor's,Information Technology,University of California--San Francisco,Placed,66000,3.8,3,05-10-2023
581,Liam Perez,Male,25,Bachelor's,Computer Science,University of Texas--Dallas,Placed,63000,3.6,1,23-05-2023
582,Isabella Martinez,Female,23,Bachelor's,Electronics and Communication,University of Virginia,Placed,64000,3.9,2,22-08-2023
583,Alexander Lee,Male,26,Bachelor's,Information Technology,University of Michigan--Ann Arbor,Placed,67000,3.9,3,04-03-2023
584,Sophia Johnson,Female,24,Bachelor's,Mechanical Engineering,University of Pennsylvania,Not Placed,0,3.7,2,23-06-2023
585,Lucas Taylor,Male,23,Bachelor's,Computer Science,University of Washington,Placed,67000,3.8,3,25-02-2023
586,Emma Martinez,Female,26,Bachelor's,Electronics and Communication,University of California--Berkeley,Placed,66000,3.9,3,05-10-2023
587,Aiden Davis,Male,24,Bachelor's,Computer Science,University of Illinois--Urbana-Champaign,Placed,65000,3.8,3,23-05-2023
588,Mia Wilson,Female,23,Bachelor's,Electrical Engineering,University of Colorado--Boulder,Placed,66000,3.7,2,22-08-2023
589,Jack Garcia,Male,26,Bachelor's,Information Technology,University of North Carolina--Chapel Hill,Not Placed,0,3.6,1,04-03-2023
590,Emma Lopez,Female,24,Bachelor's,Mechanical Engineering,University of Maryland--College Park,Placed,63000,3.7,2,23-06-2023
591,Oliver Rodriguez,Male,23,Bachelor's,Computer Science,University of Rochester,Placed,62000,3.8,3,25-02-2023
592,Chloe Hernandez,Female,26,Bachelor's,Electrical Engineering,University of California--Santa Cruz,Placed,60000,3.7,2,05-10-2023
593,Ava Lee,Female,24,Bachelor's,Information Technology,University of Connecticut,Placed,61000,3.5,1,23-05-2023
594,Liam Perez,Male,25,Bachelor's,Computer Science,University of California--Riverside,Not Placed,0,3.9,2,22-08-2023
595,Isabella Martinez,Female,23,Bachelor's,Electronics and Communication,University of Delaware,Placed,65000,3.7,1,04-03-2023
596,Alexander Lee,Male,26,Bachelor's,Information Technology,University of California--San Francisco,Placed,66000,3.8,3,23-06-2023
597,Sophia Johnson,Female,24,Bachelor's,Mechanical Engineering,University of Texas--Dallas,Placed,63000,3.6,1,25-02-2023
598,Lucas Taylor,Male,23,Bachelor's,Computer Science,University of Michigan--Ann Arbor,Placed,64000,3.9,2,05-10-2023
599,Emma Martinez,Female,26,Bachelor's,Electronics and Communication,University of Virginia,Placed,67000,3.9,3,23-05-2023
600,Aiden Davis,Male,24,Bachelor's,Computer Science,University of California--Los Angeles,Placed,67000,3.8,3,22-08-2023
601,Mia Wilson,Female,23,Bachelor's,Electrical Engineering,University of California--Berkeley,Placed,66000,3.7,2,04-03-2023
602,Jack Garcia,Male,26,Bachelor's,Information Technology,University of Illinois--Urbana-Champaign,Placed,65000,3.8,3,23-06-2023
603,Emma Lopez,Female,24,Bachelor's,Mechanical Engineering,University of Colorado--Boulder,Placed,66000,3.7,2,25-02-2023
604,Oliver Rodriguez,Male,23,Bachelor's,Computer Science,University of North Carolina--Chapel Hill,Not Placed,0,3.6,1,05-10-2023
605,Chloe Hernandez,Female,26,Bachelor's,Electrical Engineering,University of Maryland--College Park,Placed,63000,3.7,2,23-05-2023
606,Ava Lee,Female,24,Bachelor's,Information Technology,University of Rochester,Placed,62000,3.8,3,22-08-2023
607,Liam Perez,Male,25,Bachelor's,Computer Science,University of California--Santa Cruz,Placed,60000,3.7,2,04-03-2023
608,Isabella Martinez,Female,23,Bachelor's,Electronics and Communication,University of Connecticut,Placed,61000,3.5,1,23-06-2023
609,Alexander Lee,Male,26,Bachelor's,Information Technology,University of California--Riverside,Not Placed,0,3.9,2,25-02-2023
610,Sophia Johnson,Female,24,Bachelor's,Mechanical Engineering,University of Delaware,Placed,65000,3.7,1,05-10-2023
611,Lucas Taylor,Male,23,Bachelor's,Computer Science,University of California--San Francisco,Placed,66000,3.8,3,23-05-2023
612,Emma Martinez,Female,26,Bachelor's,Electronics and Communication,University of Texas--Dallas,Placed,63000,3.6,1,22-08-2023
613,Aiden Davis,Male,24,Bachelor's,Computer Science,University of Virginia,Placed,64000,3.9,2,04-03-2023
614,Mia Wilson,Female,23,Bachelor's,Electrical Engineering,University of Michigan--Ann Arbor,Placed,67000,3.9,3,23-06-2023
615,Jack Garcia,Male,26,Bachelor's,Information Technology,University of Pennsylvania,Not Placed,0,3.7,2,25-02-2023
616,Emma Lopez,Female,24,Bachelor's,Mechanical Engineering,University of Washington,Placed,67000,3.8,3,05-10-2023
617,Oliver Rodriguez,Male,23,Bachelor's,Computer Science,University of California--Berkeley,Placed,66000,3.9,3,23-05-2023
618,Chloe Hernandez,Female,26,Bachelor's,Electrical Engineering,University of Illinois--Urbana-Champaign,Placed,65000,3.8,3,22-08-2023
619,Emma Martinez,Female,26,Bachelor's,Electronics and Communication,University of Colorado--Boulder,Placed,66000,3.7,2,04-03-2023
620,Aiden Davis,Male,24,Bachelor's,Computer Science,University of North Carolina--Chapel Hill,Not Placed,0,3.6,1,23-06-2023
621,Mia Wilson,Female,23,Bachelor's,Electrical Engineering,University of Maryland--College Park,Placed,63000,3.7,2,25-02-2023
622,Jack Garcia,Male,26,Bachelor's,Information Technology,University of Rochester,Placed,62000,3.8,3,05-10-2023
623,Emma Lopez,Female,24,Bachelor's,Mechanical Engineering,University of California--Santa Cruz,Placed,60000,3.7,2,23-05-2023
624,Oliver Rodriguez,Male,23,Bachelor's,Computer Science,University of Connecticut,Placed,61000,3.5,1,22-08-2023
625,Chloe Hernandez,Female,26,Bachelor's,Electrical Engineering,University of California--Riverside,Not Placed,0,3.9,2,04-03-2023
626,Ava Lee,Female,24,Bachelor's,Information Technology,University of Delaware,Placed,65000,3.7,1,23-06-2023
627,Liam Perez,Male,25,Bachelor's,Computer Science,University of California--San Francisco,Placed,66000,3.8,3,25-02-2023
628,Isabella Martinez,Female,23,Bachelor's,Electronics and Communication,University of Texas--Dallas,Placed,63000,3.6,1,05-10-2023
629,Alexander Lee,Male,26,Bachelor's,Information Technology,University of Virginia,Placed,64000,3.9,2,23-05-2023
630,Sophia Johnson,Female,24,Bachelor's,Mechanical Engineering,University of Michigan--Ann Arbor,Placed,67000,3.9,3,22-08-2023
631,Lucas Taylor,Male,23,Bachelor's,Computer Science,University of Pennsylvania,Not Placed,0,3.7,2,04-03-2023
632,Emma Martinez,Female,26,Bachelor's,Electronics and Communication,University of Washington,Placed,67000,3.8,3,23-06-2023
633,Aiden Davis,Male,24,Bachelor's,Computer Science,University of California--Berkeley,Placed,66000,3.9,3,25-02-2023
634,Mia Wilson,Female,23,Bachelor's,Electrical Engineering,University of Illinois--Urbana-Champaign,Placed,65000,3.8,3,05-10-2023
635,Jack Garcia,Male,26,Bachelor's,Information Technology,University of Colorado--Boulder,Placed,66000,3.7,2,23-05-2023
636,Emma Lopez,Female,24,Bachelor's,Mechanical Engineering,University of North Carolina--Chapel Hill,Not Placed,0,3.6,1,22-08-2023
637,Oliver Rodriguez,Male,23,Bachelor's,Computer Science,University of Maryland--College Park,Placed,63000,3.7,2,04-03-2023
638,Chloe Hernandez,Female,26,Bachelor's,Electrical Engineering,University of Rochester,Placed,62000,3.8,3,23-06-2023
639,Ava Lee,Female,24,Bachelor's,Information Technology,University of California--Santa Cruz,Placed,60000,3.7,2,25-02-2023
640,Liam Perez,Male,25,Bachelor's,Computer Science,University of Connecticut,Placed,61000,3.5,1,05-10-2023
641,Isabella Martinez,Female,23,Bachelor's,Electronics and Communication,University of California--Riverside,Not Placed,0,3.9,2,23-05-2023
642,Alexander Lee,Male,26,Bachelor's,Information Technology,University of Delaware,Placed,65000,3.7,1,22-08-2023
643,Sophia Johnson,Female,24,Bachelor's,Mechanical Engineering,University of California--San Francisco,Placed,66000,3.8,3,04-03-2023
644,Lucas Taylor,Male,23,Bachelor's,Computer Science,University of Texas--Dallas,Placed,63000,3.6,1,23-06-2023
645,Emma Martinez,Female,26,Bachelor's,Electronics and Communication,University of Virginia,Placed,64000,3.9,2,25-02-2023
646,Aiden Davis,Male,24,Bachelor's,Computer Science,University of Michigan--Ann Arbor,Placed,67000,3.9,3,05-10-2023
647,Mia Wilson,Female,23,Bachelor's,Electrical Engineering,University of Pennsylvania,Not Placed,0,3.7,2,23-05-2023
648,Jack Garcia,Male,26,Bachelor's,Information Technology,University of Washington,Placed,67000,3.8,3,22-08-2023
649,Emma Lopez,Female,24,Bachelor's,Mechanical Engineering,University of California--Berkeley,Placed,66000,3.9,3,04-03-2023
650,Oliver Rodriguez,Male,23,Bachelor's,Computer Science,University of Illinois--Urbana-Champaign,Placed,65000,3.8,3,23-06-2023
651,Chloe Hernandez,Female,26,Bachelor's,Electrical Engineering,University of Colorado--Boulder,Placed,66000,3.7,2,25-02-2023
652,Ava Lee,Female,24,Bachelor's,Information Technology,University of North Carolina--Chapel Hill,Not Placed,0,3.6,1,05-10-2023
653,Liam Perez,Male,25,Bachelor's,Computer Science,University of Maryland--College Park,Placed,63000,3.7,2,23-05-2023
654,Isabella Martinez,Female,23,Bachelor's,Electronics and Communication,University of Rochester,Placed,62000,3.8,3,22-08-2023
655,Alexander Lee,Male,26,Bachelor's,Information Technology,University of California--Santa Cruz,Placed,60000,3.7,2,04-03-2023
656,Sophia Johnson,Female,24,Bachelor's,Mechanical Engineering,University of Connecticut,Placed,61000,3.5,1,23-06-2023
657,Lucas Taylor,Male,23,Bachelor's,Computer Science,University of California--Riverside,Not Placed,0,3.9,2,25-02-2023
658,Emma Martinez,Female,26,Bachelor's,Electronics and Communication,University of Delaware,Placed,65000,3.7,1,05-10-2023
659,Aiden Davis,Male,24,Bachelor's,Computer Science,University of California--San Francisco,Placed,66000,3.8,3,23-05-2023
660,Mia Wilson,Female,23,Bachelor's,Electrical Engineering,University of Texas--Dallas,Placed,63000,3.6,1,22-08-2023
661,Jack Garcia,Male,26,Bachelor's,Information Technology,University of Virginia,Placed,64000,3.9,2,04-03-2023
662,Emma Lopez,Female,24,Bachelor's,Mechanical Engineering,University of Michigan--Ann Arbor,Placed,67000,3.9,3,23-06-2023
663,Oliver Rodriguez,Male,23,Bachelor's,Computer Science,University of Pennsylvania,Not Placed,0,3.7,2,25-02-2023
664,Chloe Hernandez,Female,26,Bachelor's,Electrical Engineering,University of Washington,Placed,67000,3.8,3,05-10-2023
665,Ava Lee,Female,24,Bachelor's,Information Technology,University of California--Berkeley,Placed,66000,3.9,3,23-05-2023
666,Liam Perez,Male,25,Bachelor's,Computer Science,University of Illinois--Urbana-Champaign,Placed,65000,3.8,3,22-08-2023
667,Isabella Martinez,Female,23,Bachelor's,Electronics and Communication,University of Colorado--Boulder,Placed,66000,3.7,2,04-03-2023
668,Alexander Lee,Male,26,Bachelor's,Information Technology,University of North Carolina--Chapel Hill,Not Placed,0,3.6,1,23-06-2023
669,Sophia Johnson,Female,24,Bachelor's,Mechanical Engineering,University of Maryland--College Park,Placed,63000,3.7,2,25-02-2023
670,Lucas Taylor,Male,23,Bachelor's,Computer Science,University of Rochester,Placed,62000,3.8,3,05-10-2023
671,Emma Martinez,Female,26,Bachelor's,Electronics and Communication,University of California--Santa Cruz,Placed,60000,3.7,2,23-05-2023
672,Aiden Davis,Male,24,Bachelor's,Computer Science,University of Connecticut,Placed,61000,3.5,1,22-08-2023
673,Mia Wilson,Female,23,Bachelor's,Electrical Engineering,University of California--Riverside,Not Placed,0,3.9,2,04-03-2023
674,Jack Garcia,Male,26,Bachelor's,Information Technology,University of Delaware,Placed,65000,3.7,1,23-06-2023
675,Emma Lopez,Female,24,Bachelor's,Mechanical Engineering,University of California--San Francisco,Placed,66000,3.8,3,25-02-2023
676,Oliver Rodriguez,Male,23,Bachelor's,Computer Science,University of Texas--Dallas,Placed,63000,3.6,1,05-10-2023
677,Chloe Hernandez,Female,26,Bachelor's,Electrical Engineering,University of Virginia,Placed,64000,3.9,2,23-05-2023
678,Ava Lee,Female,24,Bachelor's,Information Technology,University of Michigan--Ann Arbor,Placed,67000,3.9,3,22-08-2023
679,Liam Perez,Male,25,Bachelor's,Computer Science,University of Pennsylvania,Not Placed,0,3.7,2,04-03-2023
680,Isabella Martinez,Female,23,Bachelor's,Electronics and Communication,University of Washington,Placed,67000,3.8,3,23-06-2023
681,Alexander Lee,Male,26,Bachelor's,Information Technology,University of California--Berkeley,Placed,66000,3.9,3,25-02-2023
682,Sophia Johnson,Female,24,Bachelor's,Mechanical Engineering,University of Illinois--Urbana-Champaign,Placed,65000,3.8,3,05-10-2023
683,Lucas Taylor,Male,23,Bachelor's,Computer Science,University of Colorado--Boulder,Placed,66000,3.7,2,23-05-2023
684,Emma Martinez,Female,26,Bachelor's,Electronics and Communication,University of North Carolina--Chapel Hill,Not Placed,0,3.6,1,22-08-2023
685,Aiden Davis,Male,24,Bachelor's,Computer Science,University of Maryland--College Park,Placed,63000,3.7,2,04-03-2023
686,Mia Wilson,Female,23,Bachelor's,Electrical Engineering,University of Rochester,Placed,62000,3.8,3,23-06-2023
687,Jack Garcia,Male,26,Bachelor's,Information Technology,University of California--Santa Cruz,Placed,60000,3.7,2,25-02-2023
688,Emma Lopez,Female,24,Bachelor's,Mechanical Engineering,University of Connecticut,Placed,61000,3.5,1,05-10-2023
689,Oliver Rodriguez,Male,23,Bachelor's,Computer Science,University of California--Riverside,Not Placed,0,3.9,2,23-05-2023
690,Chloe Hernandez,Female,26,Bachelor's,Electrical Engineering,University of Delaware,Placed,65000,3.7,1,22-08-2023
691,Ava Lee,Female,24,Bachelor's,Information Technology,University of California--San Francisco,Placed,66000,3.8,3,04-03-2023
692,Liam Perez,Male,25,Bachelor's,Computer Science,University of Texas--Dallas,Placed,63000,3.6,1,23-06-2023
693,Isabella Martinez,Female,23,Bachelor's,Electronics and Communication,University of Virginia,Placed,64000,3.9,2,25-02-2023
694,Alexander Lee,Male,26,Bachelor's,Information Technology,University of Michigan--Ann Arbor,Placed,67000,3.9,3,05-10-2023
695,Sophia Johnson,Female,24,Bachelor's,Mechanical Engineering,University of Pennsylvania,Not Placed,0,3.7,2,23-05-2023
696,Lucas Taylor,Male,23,Bachelor's,Computer Science,University of Washington,Placed,67000,3.8,3,22-08-2023
697,Emma Martinez,Female,26,Bachelor's,Electronics and Communication,University of California--Berkeley,Placed,66000,3.9,3,04-03-2023
698,Aiden Davis,Male,24,Bachelor's,Computer Science,University of Illinois--Urbana-Champaign,Placed,65000,3.8,3,23-06-2023
699,Mia Wilson,Female,23,Bachelor's,Electrical Engineering,University of Colorado--Boulder,Placed,66000,3.7,2,25-02-2023
700,Jack Garcia,Male,26,Bachelor's,Information Technology,University of North Carolina--Chapel Hill,Not Placed,0,3.6,1,05-10-2023
